Workbook
Name \0: #REF!
Name \A: #REF!
Name \b: #REF!
Name \c: #REF!
Name \d: #REF!
Name \e: #REF!
Name \f: #REF!
Name \g: #REF!
Name \h: #REF!
Name \i: #REF!
Name \j: #REF!
Name \k: #REF!
Name \L: #REF!
Name \M: #REF!
Name \n: #REF!
Name \p: #REF!
Name \q: #REF!
Name \r: #REF!
Name \s: #REF!
Name \t: #REF!
Name \v: #REF!
Name \w: #REF!
Name \x: #REF!
Name \z: #REF!
Name ___: #REF!
Name ______fat1: #REF!
Name _____b1: #REF!
Name _____REF1: #REF!
Name ____b1: #REF!
Name ____com1: #REF!
Name ____com10: #REF!
Name ____com11: #REF!
Name ____com12: #REF!
Name ____com2: #REF!
Name ____com3: #REF!
Name ____com4: #REF!
Name ____com5: #REF!
Name ____com6: #REF!
Name ____com7: #REF!
Name ____com8: #REF!
Name ____com9: #REF!
Name ____fat1: #REF!
Name ____niv1: #REF!
Name ____niv10: #REF!
Name ____niv11: #REF!
Name ____niv12: #REF!
Name ____niv2: #REF!
Name ____niv3: #REF!
Name ____niv4: #REF!
Name ____niv5: #REF!
Name ____niv6: #REF!
Name ____niv7: #REF!
Name ____niv8: #REF!
Name ____niv9: #REF!
Name ____pg1: #REF!
Name ____pg2: #REF!
Name ____pr1: #REF!
Name ____pr10: #REF!
Name ____pr11: #REF!
Name ____pr12: #REF!

Sheet Demand vs Supply forecast
C1: Wk1 | D1: Wk1 | E1: Wk1 | F1: Wk1 | G1: Wk1 | H1: Wk2 | I1: Wk2 | J1: Wk2 | K1: Wk2 | L1: Wk2 | M1: Wk2 | N1: Wk2 | O1: Wk3 | P1: Wk3 | Q1: Wk3 | R1: Wk3 | S1: Wk3 | T1: Wk3 | U1: Wk3 | V1: Wk4 | W1: Wk4 | X1: Wk4 | Y1: Wk4 | Z1: Wk4 | AA1: Wk4 | AB1: Wk4 | AC1: Wk5 | AD1: Wk5 | AE1: Wk5 | AF1: Wk5 | AG1: Wk5 | AH1: Wk5 | AI1: Wk5 | AJ1: Wk6 | AK1: Wk6 | AL1: Wk6 | AM1: Wk6 | AN1: Wk6 | AO1: Wk6 | AP1: Wk6 | AQ1: Wk7 | AR1: Wk7 | AS1: Wk7 | AT1: Wk7 | AU1: Wk7 | AV1: Wk7 | AW1: Wk7 | AX1: Wk8 | AY1: Wk8 | AZ1: Wk8 | BA1: Wk8 | BB1: Wk8 | BC1: Wk8 | BD1: Wk8 | BE1: Wk9 | BF1: Wk9 | BG1: Wk9 | BH1: Wk9 | BI1: Wk9 | BJ1: Wk9 | BK1: Wk9 | BL1: Wk10 | BM1: Wk10 | BN1: Wk10 | BO1: Wk10 | BP1: Wk10 | BQ1: Wk10 | BR1: Wk10 | BS1: Wk11 | BT1: Wk11 | BU1: Wk11 | BV1: Wk11 | BW1: Wk11 | BX1: Wk11 | BY1: Wk11 | BZ1: Wk12 | CA1: Wk12 | CB1: Wk12 | CC1: Wk12 | CD1: Wk12 | CE1: Wk12 | CF1: Wk12 | CG1: Wk13 | CH1: Wk13 | CI1: Wk13 | CJ1: Wk13 | CK1: Wk13 | CL1: Wk13 | CM1: Wk13 | CN1: Wk14 | CO1: Wk14 | CP1: Wk14 | CQ1: Wk14 | CR1: Wk14 | CS1: Wk14 | CT1: Wk14 | CU1: Wk15 | CV1: Wk15 | CW1: Wk15 | CX1: Wk15 | CY1: Wk15 | CZ1: Wk15 | DA1: Wk15 | DB1: Wk16 | DC1: Wk16 | DD1: Wk16 | DE1: Wk16 | DF1: Wk16 | DG1: Wk16 | DH1: Wk16 | DI1: Wk17 | DJ1: Wk17 | DK1: Wk17 | DL1: Wk17 | DM1: Wk17 | DN1: Wk17 | DO1: Wk17 | DP1: Wk18 | DQ1: Wk18 | DR1: Wk18 | DS1: Wk18 | DT1: Wk18 | DU1: Wk18 | DV1: Wk18 | DW1: Wk19 | DX1: Wk19 | DY1: Wk19 | DZ1: Wk19 | EA1: Wk19 | EB1: Wk19 | EC1: Wk19 | ED1: Wk20 | EE1: Wk20 | EF1: Wk20 | EG1: Wk20 | EH1: Wk20 | EI1: Wk20 | EJ1: Wk20 | EK1: Wk21 | EL1: Wk21 | EM1: Wk21 | EN1: Wk21 | EO1: Wk21 | EP1: Wk21 | EQ1: Wk21 | ER1: Wk22 | ES1: Wk22 | ET1: Wk22 | EU1: Wk22 | EV1: Wk22 | EW1: Wk22 | EX1: Wk22 | EY1: Wk23 | EZ1: Wk23 | FA1: Wk23 | FB1: Wk23 | FC1: Wk23 | FD1: Wk23 | FE1: Wk23 | FF1: Wk24 | FG1: Wk24 | FH1: Wk24 | FI1: Wk24 | FJ1: Wk24 | FK1: Wk24 | FL1: Wk24 | FM1: Wk25 | FN1: Wk25 | FO1: Wk25 | FP1: Wk25 | FQ1: Wk25 | FR1: Wk25 | FS1: Wk25 | FT1: Wk26 | FU1: Wk26 | FV1: Wk26 | FW1: Wk26 | FX1: Wk26 | FY1: Wk26 | FZ1: Wk26 | GA1: Wk27 | GB1: Wk27 | GC1: Wk27 | GD1: Wk27 | GE1: Wk27 | GF1: Wk27 | GG1: Wk27 | GH1: Wk28 | GI1: Wk28 | GJ1: Wk28 | GK1: Wk28 | GL1: Wk28 | GM1: Wk28 | GN1: Wk28 | GO1: Wk29 | GP1: Wk29 | GQ1: Wk29 | GR1: Wk29 | GS1: Wk29 | GT1: Wk29 | GU1: Wk29 | GV1: Wk30 | GW1: Wk30 | GX1: Wk30 | GY1: Wk30 | GZ1: Wk30 | HA1: Wk30 | HB1: Wk30 | HC1: Wk31 | HD1: Wk31 | HE1: Wk31 | HF1: Wk31 | HG1: Wk31 | HH1: Wk31 | HI1: Wk31 | HJ1: Wk32 | HK1: Wk32 | HL1: Wk32 | HM1: Wk32 | HN1: Wk32 | HO1: Wk32 | HP1: Wk32 | HQ1: Wk33 | HR1: Wk33 | HS1: Wk33 | HT1: Wk33 | HU1: Wk33 | HV1: Wk33 | HW1: Wk33 | HX1: Wk34 | HY1: Wk34 | HZ1: Wk34 | IA1: Wk34 | IB1: Wk34 | IC1: Wk34 | ID1: Wk34 | IE1: Wk35 | IF1: Wk35 | IG1: Wk35 | IH1: Wk35 | II1: Wk35 | IJ1: Wk35 | IK1: Wk35 | IL1: Wk36 | IM1: Wk36 | IN1: Wk36 | IO1: Wk36 | IP1: Wk36 | IQ1: Wk36 | IR1: Wk36 | IS1: Wk37 | IT1: Wk37 | IU1: Wk37 | IV1: Wk37 | IW1: Wk37 | IX1: Wk37 | IY1: Wk37 | IZ1: Wk38 | JA1: Wk38 | JB1: Wk38 | JC1: Wk38 | JD1: Wk38 | JE1: Wk38 | JF1: Wk38 | JG1: Wk39 | JH1: Wk39 | JI1: Wk39 | JJ1: Wk39 | JK1: Wk39 | JL1: Wk39 | JM1: Wk39 | JN1: Wk40 | JO1: Wk40 | JP1: Wk40 | JQ1: Wk40 | JR1: Wk40 | JS1: Wk40 | JT1: Wk40 | JU1: Wk41 | JV1: Wk41 | JW1: Wk41 | JX1: Wk41 | JY1: Wk41 | JZ1: Wk41 | KA1: Wk41 | KB1: Wk42 | KC1: Wk42 | KD1: Wk42 | KE1: Wk42 | KF1: Wk42 | KG1: Wk42 | KH1: Wk42 | KI1: Wk43 | KJ1: Wk43 | KK1: Wk43 | KL1: Wk43 | KM1: Wk43 | KN1: Wk43 | KO1: Wk43 | KP1: Wk44 | KQ1: Wk44 | KR1: Wk44 | KS1: Wk44 | KT1: Wk44 | KU1: Wk44 | KV1: Wk44 | KW1: Wk45 | KX1: Wk45 | KY1: Wk45 | KZ1: Wk45 | LA1: Wk45 | LB1: Wk45 | LC1: Wk45 | LD1: Wk46 | LE1: Wk46 | LF1: Wk46 | LG1: Wk46 | LH1: Wk46 | LI1: Wk46 | LJ1: Wk46 | LK1: Wk47 | LL1: Wk47 | LM1: Wk47 | LN1: Wk47 | LO1: Wk47 | LP1: Wk47 | LQ1: Wk47 | LR1: Wk48 | LS1: Wk48 | LT1: Wk48 | LU1: Wk48 | LV1: Wk48 | LW1: Wk48 | LX1: Wk48 | LY1: Wk49 | LZ1: Wk49 | MA1: Wk49 | MB1: Wk49 | MC1: Wk49 | MD1: Wk49 | ME1: Wk49 | MF1: Wk50 | MG1: Wk50 | MH1: Wk50 | MI1: Wk50 | MJ1: Wk50 | MK1: Wk50 | ML1: Wk50 | MM1: Wk51 | MN1: Wk51 | MO1: Wk51 | MP1: Wk51 | MQ1: Wk51 | MR1: Wk51 | MS1: Wk51 | MT1: Wk52 | MU1: Wk52 | MV1: Wk52 | MW1: Wk52 | MX1: Wk52 | MY1: Wk52 | MZ1: Wk52 | NA1: Wk53 | NB1: Wk53 | NC1: Wk53
A2: RY | B2: 45657 | C2: 45658 | D2: 45659 | E2: 45660 | F2: 45661 | G2: 45662 | H2: 45663 | I2: 45664 | J2: 45665 | K2: 45666 | L2: 45667 | M2: 45668 | N2: 45669 | O2: 45670 | P2: 45671 | Q2: 45672 | R2: 45673 | S2: 45674 | T2: 45675 | U2: 45676 | V2: 45677 | W2: 45678 | X2: 45679 | Y2: 45680 | Z2: 45681 | AA2: 45682 | AB2: 45683 | AC2: 45684 | AD2: 45685 | AE2: 45686 | AF2: 45687 | AG2: 45688 | AH2: 45689 | AI2: 45690 | AJ2: 45691 | AK2: 45692 | AL2: 45693 | AM2: 45694 | AN2: 45695 | AO2: 45696 | AP2: 45697 | AQ2: 45698 | AR2: 45699 | AS2: 45700 | AT2: 45701 | AU2: 45702 | AV2: 45703 | AW2: 45704 | AX2: 45705 | AY2: 45706 | AZ2: 45707 | BA2: 45708 | BB2: 45709 | BC2: 45710 | BD2: 45711 | BE2: 45712 | BF2: 45713 | BG2: 45714 | BH2: 45715 | BI2: 45716 | BJ2: 45717 | BK2: 45718 | BL2: 45719 | BM2: 45720 | BN2: 45721 | BO2: 45722 | BP2: 45723 | BQ2: 45724 | BR2: 45725 | BS2: 45726 | BT2: 45727 | BU2: 45728 | BV2: 45729 | BW2: 45730 | BX2: 45731 | BY2: 45732 | BZ2: 45733 | CA2: 45734 | CB2: 45735 | CC2: 45736 | CD2: 45737 | CE2: 45738 | CF2: 45739 | CG2: 45740 | CH2: 45741 | CI2: 45742 | CJ2: 45743 | CK2: 45744 | CL2: 45745 | CM2: 45746 | CN2: 45747 | CO2: 45748 | CP2: 45749 | CQ2: 45750 | CR2: 45751 | CS2: 45752 | CT2: 45753 | CU2: 45754 | CV2: 45755 | CW2: 45756 | CX2: 45757 | CY2: 45758 | CZ2: 45759 | DA2: 45760 | DB2: 45761 | DC2: 45762 | DD2: 45763 | DE2: 45764 | DF2: 45765 | DG2: 45766 | DH2: 45767 | DI2: 45768 | DJ2: 45769 | DK2: 45770 | DL2: 45771 | DM2: 45772 | DN2: 45773 | DO2: 45774 | DP2: 45775 | DQ2: 45776 | DR2: 45777 | DS2: 45778 | DT2: 45779 | DU2: 45780 | DV2: 45781 | DW2: 45782 | DX2: 45783 | DY2: 45784 | DZ2: 45785 | EA2: 45786 | EB2: 45787 | EC2: 45788 | ED2: 45789 | EE2: 45790 | EF2: 45791 | EG2: 45792 | EH2: 45793 | EI2: 45794 | EJ2: 45795 | EK2: 45796 | EL2: 45797 | EM2: 45798 | EN2: 45799 | EO2: 45800 | EP2: 45801 | EQ2: 45802 | ER2: 45803 | ES2: 45804 | ET2: 45805 | EU2: 45806 | EV2: 45807 | EW2: 45808 | EX2: 45809 | EY2: 45810 | EZ2: 45811 | FA2: 45812 | FB2: 45813 | FC2: 45814 | FD2: 45815 | FE2: 45816 | FF2: 45817 | FG2: 45818 | FH2: 45819 | FI2: 45820 | FJ2: 45821 | FK2: 45822 | FL2: 45823 | FM2: 45824 | FN2: 45825 | FO2: 45826 | FP2: 45827 | FQ2: 45828 | FR2: 45829 | FS2: 45830 | FT2: 45831 | FU2: 45832 | FV2: 45833 | FW2: 45834 | FX2: 45835 | FY2: 45836 | FZ2: 45837 | GA2: 45838 | GB2: 45839 | GC2: 45840 | GD2: 45841 | GE2: 45842 | GF2: 45843 | GG2: 45844 | GH2: 45845 | GI2: 45846 | GJ2: 45847 | GK2: 45848 | GL2: 45849 | GM2: 45850 | GN2: 45851 | GO2: 45852 | GP2: 45853 | GQ2: 45854 | GR2: 45855 | GS2: 45856 | GT2: 45857 | GU2: 45858 | GV2: 45859 | GW2: 45860 | GX2: 45861 | GY2: 45862 | GZ2: 45863 | HA2: 45864 | HB2: 45865 | HC2: 45866 | HD2: 45867 | HE2: 45868 | HF2: 45869 | HG2: 45870 | HH2: 45871 | HI2: 45872 | HJ2: 45873 | HK2: 45874 | HL2: 45875 | HM2: 45876 | HN2: 45877 | HO2: 45878 | HP2: 45879 | HQ2: 45880 | HR2: 45881 | HS2: 45882 | HT2: 45883 | HU2: 45884 | HV2: 45885 | HW2: 45886 | HX2: 45887 | HY2: 45888 | HZ2: 45889 | IA2: 45890 | IB2: 45891 | IC2: 45892 | ID2: 45893 | IE2: 45894 | IF2: 45895 | IG2: 45896 | IH2: 45897 | II2: 45898 | IJ2: 45899 | IK2: 45900 | IL2: 45901 | IM2: 45902 | IN2: 45903 | IO2: 45904 | IP2: 45905 | IQ2: 45906 | IR2: 45907 | IS2: 45908 | IT2: 45909 | IU2: 45910 | IV2: 45911 | IW2: 45912 | IX2: 45913 | IY2: 45914 | IZ2: 45915 | JA2: 45916 | JB2: 45917 | JC2: 45918 | JD2: 45919 | JE2: 45920 | JF2: 45921 | JG2: 45922 | JH2: 45923 | JI2: 45924 | JJ2: 45925 | JK2: 45926 | JL2: 45927 | JM2: 45928 | JN2: 45929 | JO2: 45930 | JP2: 45931 | JQ2: 45932 | JR2: 45933 | JS2: 45934 | JT2: 45935 | JU2: 45936 | JV2: 45937 | JW2: 45938 | JX2: 45939 | JY2: 45940 | JZ2: 45941 | KA2: 45942 | KB2: 45943 | KC2: 45944 | KD2: 45945 | KE2: 45946 | KF2: 45947 | KG2: 45948 | KH2: 45949 | KI2: 45950 | KJ2: 45951 | KK2: 45952 | KL2: 45953 | KM2: 45954 | KN2: 45955 | KO2: 45956 | KP2: 45957 | KQ2: 45958 | KR2: 45959 | KS2: 45960 | KT2: 45961 | KU2: 45962 | KV2: 45963 | KW2: 45964 | KX2: 45965 | KY2: 45966 | KZ2: 45967 | LA2: 45968 | LB2: 45969 | LC2: 45970 | LD2: 45971 | LE2: 45972 | LF2: 45973 | LG2: 45974 | LH2: 45975 | LI2: 45976 | LJ2: 45977 | LK2: 45978 | LL2: 45979 | LM2: 45980 | LN2: 45981 | LO2: 45982 | LP2: 45983 | LQ2: 45984 | LR2: 45985 | LS2: 45986 | LT2: 45987 | LU2: 45988 | LV2: 45989 | LW2: 45990 | LX2: 45991 | LY2: 45992 | LZ2: 45993 | MA2: 45994 | MB2: 45995 | MC2: 45996 | MD2: 45997 | ME2: 45998 | MF2: 45999 | MG2: 46000 | MH2: 46001 | MI2: 46002 | MJ2: 46003 | MK2: 46004 | ML2: 46005 | MM2: 46006 | MN2: 46007 | MO2: 46008 | MP2: 46009 | MQ2: 46010 | MR2: 46011 | MS2: 46012 | MT2: 46013 | MU2: 46014 | MV2: 46015 | MW2: 46016 | MX2: 46017 | MY2: 46018 | MZ2: 46019 | NA2: 46020 | NB2: 46021 | NC2: 46022
B3: W04 | C3: W01 | D3: W01 | E3: W01 | F3: W01 | G3: W01 | H3: W02 | I3: W02 | J3: W02 | K3: W02 | L3: W02 | M3: W02 | N3: W02 | O3: W03 | P3: W03 | Q3: W03 | R3: W03 | S3: W03 | T3: W03 | U3: W03 | V3: W04 | W3: W04 | X3: W04 | Y3: W04 | Z3: W04 | AA3: W04 | AB3: W04 | AC3: W04 | AD3: W04 | AE3: W04 | AF3: W04 | AG3: W04 | AH3: W04 | AI3: W04 | AJ3: W01 | AK3: W01 | AL3: W01 | AM3: W01 | AN3: W01 | AO3: W01 | AP3: W01 | AQ3: W02 | AR3: W02 | AS3: W02 | AT3: W02 | AU3: W02 | AV3: W02 | AW3: W02 | AX3: W03 | AY3: W03 | AZ3: W03 | BA3: W03 | BB3: W03 | BC3: W03 | BD3: W03 | BE3: W04 | BF3: W04 | BG3: W04 | BH3: W04 | BI3: W04 | BJ3: W04 | BK3: W04 | BL3: W01 | BM3: W01 | BN3: W01 | BO3: W01 | BP3: W01 | BQ3: W01 | BR3: W01 | BS3: W02 | BT3: W02 | BU3: W02 | BV3: W02 | BW3: W02 | BX3: W02 | BY3: W02 | BZ3: W03 | CA3: W03 | CB3: W03 | CC3: W03 | CD3: W03 | CE3: W03 | CF3: W03 | CG3: W04 | CH3: W04 | CI3: W04 | CJ3: W04 | CK3: W04 | CL3: W04 | CM3: W04 | CN3: W01 | CO3: W01 | CP3: W01 | CQ3: W01 | CR3: W01 | CS3: W01 | CT3: W01 | CU3: W02 | CV3: W02 | CW3: W02 | CX3: W02 | CY3: W02 | CZ3: W02 | DA3: W02 | DB3: W03 | DC3: W03 | DD3: W03 | DE3: W03 | DF3: W03 | DG3: W03 | DH3: W03 | DI3: W04 | DJ3: W04 | DK3: W04 | DL3: W04 | DM3: W04 | DN3: W04 | DO3: W04 | DP3: W04 | DQ3: W04 | DR3: W04 | DS3: W04 | DT3: W04 | DU3: W01 | DV3: W01 | DW3: W01 | DX3: W02 | DY3: W02 | DZ3: W02 | EA3: W02 | EB3: W02 | EC3: W02 | ED3: W02 | EE3: W03 | EF3: W03 | EG3: W03 | EH3: W03 | EI3: W03 | EJ3: W03 | EK3: W03 | EL3: W04 | EM3: W04 | EN3: W04 | EO3: W04 | EP3: W04 | EQ3: W04 | ER3: W04 | ES3: W04 | ET3: W04 | EU3: W04 | EV3: W04 | EW3: W04 | EX3: W01 | EY3: W01 | EZ3: W01 | FA3: W01 | FB3: W01 | FC3: W01 | FD3: W01 | FE3: W01 | FF3: W01 | FG3: W02 | FH3: W02 | FI3: W02 | FJ3: W02 | FK3: W02 | FL3: W02 | FM3: W02 | FN3: W03 | FO3: W03 | FP3: W03 | FQ3: W03 | FR3: W03 | FS3: W03 | FT3: W03 | FU3: W04 | FV3: W04 | FW3: W04 | FX3: W04 | FY3: W04 | FZ3: W04 | GA3: W04 | GB3: W01 | GC3: W01 | GD3: W01 | GE3: W01 | GF3: W01 | GG3: W01 | GH3: W01 | GI3: W02 | GJ3: W02 | GK3: W02 | GL3: W02 | GM3: W02 | GN3: W02 | GO3: W02 | GP3: W03 | GQ3: W03 | GR3: W03 | GS3: W03 | GT3: W03 | GU3: W03 | GV3: W03 | GW3: W04 | GX3: W04 | GY3: W04 | GZ3: W04 | HA3: W04 | HB3: W04 | HC3: W04 | HD3: W04 | HE3: W04 | HF3: W04 | HG3: W01 | HH3: W01 | HI3: W01 | HJ3: W01 | HK3: W02 | HL3: W02 | HM3: W02 | HN3: W02 | HO3: W02 | HP3: W02 | HQ3: W02 | HR3: W03 | HS3: W03 | HT3: W03 | HU3: W03 | HV3: W03 | HW3: W03 | HX3: W03 | HY3: W04 | HZ3: W04 | IA3: W04 | IB3: W04 | IC3: W04 | ID3: W04 | IE3: W04 | IF3: W04 | IG3: W04 | IH3: W04 | II3: W04 | IJ3: W04 | IK3: W04 | IL3: W01 | IM3: W01 | IN3: W01 | IO3: W01 | IP3: W01 | IQ3: W01 | IR3: W01 | IS3: W01 | IT3: W02 | IU3: W02 | IV3: W02 | IW3: W02 | IX3: W02 | IY3: W02 | IZ3: W02 | JA3: W03 | JB3: W03 | JC3: W03 | JD3: W03 | JE3: W03 | JF3: W03 | JG3: W03 | JH3: W04 | JI3: W04 | JJ3: W04 | JK3: W04 | JL3: W04 | JM3: W04 | JN3: W04 | JO3: W04 | JP3: W01 | JQ3: W01 | JR3: W01 | JS3: W01 | JT3: W01 | JU3: W01 | JV3: W02 | JW3: W02 | JX3: W02 | JY3: W02 | JZ3: W02 | KA3: W02 | KB3: W02 | KC3: W03 | KD3: W03 | KE3: W03 | KF3: W03 | KG3: W03 | KH3: W03 | KI3: W03 | KJ3: W04 | KK3: W04 | KL3: W04 | KM3: W04 | KN3: W04 | KO3: W04 | KP3: W04 | KQ3: W04 | KR3: W04 | KS3: =VLOOKUP(KS2,[1]Parameter!$AD:$AE,2,0) -> W04 | KT3: W04 | KU3: W01 | KV3: W01 | KW3: W01 | KX3: W01 | KY3: W01 | KZ3: W01 | LA3: W01 | LB3: W01 | LC3: W01 | LD3: W01 | LE3: W02 | LF3: W02 | LG3: W02 | LH3: W02 | LI3: W02 | LJ3: W02 | LK3: W02 | LL3: W03 | LM3: W03 | LN3: W03 | LO3: W03 | LP3: W03 | LQ3: W03 | LR3: W03 | LS3: W04 | LT3: W04 | LU3: W04 | LV3: W04 | LW3: W04 | LX3: W04 | LY3: W01 | LZ3: W01 | MA3: W01 | MB3: W01 | MC3: W01 | MD3: W01 | ME3: W01 | MF3: W01 | MG3: W02 | MH3: W02 | MI3: W02 | MJ3: W02 | MK3: W02 | ML3: W02 | MM3: W02 | MN3: W03 | MO3: W03 | MP3: W03 | MQ3: W03 | MR3: W03 | MS3: W03 | MT3: W03 | MU3: W04 | MV3: W04 | MW3: W04 | MX3: W04 | MY3: W04 | MZ3: W04 | NA3: =VLOOKUP(NA2,[1]Parameter!$AD:$AE,2,0) -> W04 | NB3: =VLOOKUP(NB2,[1]Parameter!$AD:$AE,2,0) -> W04 | NC3: =VLOOKUP(NC2,[1]Parameter!$AD:$AE,2,0) -> W04
A4: RY | B4: Tue | C4: Wed | D4: Thu | E4: Fri | F4: Sat | G4: Sun | H4: Mon | I4: Tue | J4: Wed | K4: Thu | L4: Fri | M4: Sat | N4: Sun | O4: Mon | P4: Tue | Q4: Wed | R4: Thu | S4: Fri | T4: Sat | U4: Sun | V4: Mon | W4: Tue | X4: Wed | Y4: Thu | Z4: Fri | AA4: Sat | AB4: Sun | AC4: Mon | AD4: Tue | AE4: Wed | AF4: Thu | AG4: Fri | AH4: Sat | AI4: Sun | AJ4: Mon | AK4: Tue | AL4: Wed | AM4: Thu | AN4: Fri | AO4: Sat | AP4: Sun | AQ4: Mon | AR4: Tue | AS4: Wed | AT4: Thu | AU4: Fri | AV4: Sat | AW4: Sun | AX4: Mon | AY4: Tue | AZ4: Wed | BA4: Thu | BB4: Fri | BC4: Sat | BD4: Sun | BE4: Mon | BF4: Tue | BG4: Wed | BH4: Thu | BI4: Fri | BJ4: Sat | BK4: Sun | BL4: Mon | BM4: Tue | BN4: Wed | BO4: Thu | BP4: Fri | BQ4: Sat | BR4: Sun | BS4: Mon | BT4: Tue | BU4: Wed | BV4: Thu | BW4: Fri | BX4: Sat | BY4: Sun | BZ4: Mon | CA4: Tue | CB4: Wed | CC4: Thu | CD4: Fri | CE4: Sat | CF4: Sun | CG4: Mon | CH4: Tue | CI4: Wed | CJ4: Thu | CK4: Fri | CL4: Sat | CM4: Sun | CN4: Mon | CO4: Tue | CP4: Wed | CQ4: Thu | CR4: Fri | CS4: Sat | CT4: Sun | CU4: Mon | CV4: Tue | CW4: Wed | CX4: Thu | CY4: Fri | CZ4: Sat | DA4: Sun | DB4: Mon | DC4: Tue | DD4: Wed | DE4: Thu | DF4: Fri | DG4: Sat | DH4: Sun | DI4: Mon | DJ4: Tue | DK4: Wed | DL4: Thu | DM4: Fri | DN4: Sat | DO4: Sun | DP4: Mon | DQ4: Tue | DR4: Wed | DS4: Thu | DT4: Fri | DU4: Sat | DV4: Sun | DW4: Mon | DX4: Tue | DY4: Wed | DZ4: Thu | EA4: Fri | EB4: Sat | EC4: Sun | ED4: Mon | EE4: Tue | EF4: Wed | EG4: Thu | EH4: Fri | EI4: Sat | EJ4: Sun | EK4: Mon | EL4: Tue | EM4: Wed | EN4: Thu | EO4: Fri | EP4: Sat | EQ4: Sun | ER4: Mon | ES4: Tue | ET4: Wed | EU4: Thu | EV4: Fri | EW4: Sat | EX4: Sun | EY4: Mon | EZ4: Tue | FA4: Wed | FB4: Thu | FC4: Fri | FD4: Sat | FE4: Sun | FF4: Mon | FG4: Tue | FH4: Wed | FI4: Thu | FJ4: Fri | FK4: Sat | FL4: Sun | FM4: Mon | FN4: Tue | FO4: Wed | FP4: Thu | FQ4: Fri | FR4: Sat | FS4: Sun | FT4: Mon | FU4: Tue | FV4: Wed | FW4: Thu | FX4: Fri | FY4: Sat | FZ4: Sun | GA4: Mon | GB4: Tue | GC4: Wed | GD4: Thu | GE4: Fri | GF4: Sat | GG4: Sun | GH4: Mon | GI4: Tue | GJ4: Wed | GK4: Thu | GL4: Fri | GM4: Sat | GN4: Sun | GO4: Mon | GP4: Tue | GQ4: Wed | GR4: Thu | GS4: Fri | GT4: Sat | GU4: Sun | GV4: Mon | GW4: Tue | GX4: Wed | GY4: Thu | GZ4: Fri | HA4: Sat | HB4: Sun | HC4: Mon | HD4: Tue | HE4: Wed | HF4: Thu | HG4: Fri | HH4: Sat | HI4: Sun | HJ4: Mon | HK4: Tue | HL4: Wed | HM4: Thu | HN4: Fri | HO4: Sat | HP4: Sun | HQ4: Mon | HR4: Tue | HS4: Wed | HT4: Thu | HU4: Fri | HV4: Sat | HW4: Sun | HX4: Mon | HY4: Tue | HZ4: Wed | IA4: Thu | IB4: Fri | IC4: Sat | ID4: Sun | IE4: Mon | IF4: Tue | IG4: Wed | IH4: Thu | II4: Fri | IJ4: Sat | IK4: Sun | IL4: Mon | IM4: Tue | IN4: Wed | IO4: Thu | IP4: Fri | IQ4: Sat | IR4: Sun | IS4: Mon | IT4: Tue | IU4: Wed | IV4: Thu | IW4: Fri | IX4: Sat | IY4: Sun | IZ4: Mon | JA4: Tue | JB4: Wed | JC4: Thu | JD4: Fri | JE4: Sat | JF4: Sun | JG4: Mon | JH4: Tue | JI4: Wed | JJ4: Thu | JK4: Fri | JL4: Sat | JM4: Sun | JN4: Mon | JO4: Tue | JP4: Wed | JQ4: Thu | JR4: Fri | JS4: Sat | JT4: Sun | JU4: Mon | JV4: Tue | JW4: Wed | JX4: Thu | JY4: Fri | JZ4: Sat | KA4: Sun | KB4: Mon | KC4: Tue | KD4: Wed | KE4: Thu | KF4: Fri | KG4: Sat | KH4: Sun | KI4: Mon | KJ4: Tue | KK4: Wed | KL4: Thu | KM4: Fri | KN4: Sat | KO4: Sun | KP4: Mon | KQ4: Tue | KR4: Wed | KS4: Thu | KT4: Fri | KU4: Sat | KV4: Sun | KW4: Mon | KX4: Tue | KY4: Wed | KZ4: Thu | LA4: Fri | LB4: Sat | LC4: Sun | LD4: Mon | LE4: Tue | LF4: Wed | LG4: Thu | LH4: Fri | LI4: Sat | LJ4: Sun | LK4: Mon | LL4: Tue | LM4: Wed | LN4: Thu | LO4: Fri | LP4: Sat | LQ4: Sun | LR4: Mon | LS4: Tue | LT4: Wed | LU4: Thu | LV4: Fri | LW4: Sat | LX4: Sun | LY4: Mon | LZ4: Tue | MA4: Wed | MB4: Thu | MC4: Fri | MD4: Sat | ME4: Sun | MF4: Mon | MG4: Tue | MH4: Wed | MI4: Thu | MJ4: Fri | MK4: Sat | ML4: Sun | MM4: Mon | MN4: Tue | MO4: Wed | MP4: Thu | MQ4: Fri | MR4: Sat | MS4: Sun | MT4: Mon | MU4: Tue | MV4: Wed | MW4: Thu | MX4: Fri | MY4: Sat | MZ4: Sun | NA4: Mon | NB4: Tue | NC4: Wed
A5: Inbound
A6: Productin plan | C6: 0 | D6: 124 | E6: 3509.5375 | F6: 3628.0625 | G6: 3111.275 | H6: 3402.5 | I6: 2197.1625 | J6: 2200.45 | K6: 1219.175 | L6: 906.6875 | M6: 1889.5375 | N6: 1473.925 | O6: 1486 | P6: 2161 | Q6: 2264 | R6: 2793 | S6: 2954 | T6: 2429 | U6: 1549 | V6: 1266 | W6: 1674 | X6: 1444 | Y6: 1784 | Z6: 2543 | AA6: 1724 | AB6: 2014 | AC6: 1553 | AD6: 2025 | AE6: 2264 | AF6: 2858 | AG6: 972 | AH6: 536 | AI6: 2726 | AJ6: 1189 | AK6: 1969 | AL6: 2517 | AM6: 2631 | AN6: 2352 | AO6: 2984 | AP6: 2826 | AQ6: 2375 | AR6: 2503 | AS6: 2129 | AT6: 2758 | AU6: 1864 | AV6: 1171 | AW6: 1066 | AX6: 2339 | AY6: 2499 | AZ6: 2287 | BA6: 1721 | BB6: 2320 | BC6: 3204 | BD6: 3064 | BE6: 2616 | BF6: 2485 | BG6: 2543 | BH6: 2904 | BI6: 3077 | BJ6: 3315 | BK6: 2975 | BL6: 2618 | BM6: 3110 | BN6: 3130 | BO6: 2982 | BP6: 2780 | BQ6: 2703 | BR6: 2068 | BS6: 2467 | BT6: 2943 | BU6: 2364 | BV6: 2732 | BW6: 2228 | BX6: 2529 | BY6: 1943 | BZ6: 2344 | CA6: 3980 | CB6: 3283 | CC6: 2618 | CD6: 2903 | CE6: 3133 | CF6: 3798 | CG6: 2884 | CH6: 2754 | CI6: 2575 | CJ6: 3402 | CK6: 1789 | CL6: 2965 | CM6: 2530 | CN6: 2044 | CO6: 2960 | CP6: 3098 | CQ6: 1725 | CR6: 2953 | CS6: 2340 | CT6: 2801 | CU6: 3269 | CV6: 3127 | CW6: 3261 | CX6: 3571 | CY6: 3512 | CZ6: 2707 | DA6: 2327 | DB6: 2023 | DC6: 3368 | DD6: 3231 | DE6: 2704 | DF6: 2893 | DG6: 2444 | DH6: 1644 | DI6: 1575 | DJ6: 1960 | DK6: 2625 | DL6: 2520 | DM6: 3245 | DN6: 3105 | DO6: 3193 | DP6: 2767 | DQ6: 2818 | DR6: 3752 | DS6: 959 | DT6: 656 | DU6: 3065 | DV6: 3182 | DW6: 2680 | DX6: 1486 | DY6: 2606 | DZ6: 2410 | EA6: 1834 | EB6: 2468 | EC6: 600 | ED6: 6 | EE6: 1832 | EF6: 2725 | EG6: 2745 | EH6: 2670 | EI6: 3084 | EJ6: 2068 | EK6: 3248 | EL6: 2108 | EM6: 1883 | EN6: 2333 | EO6: 1750 | EP6: 3143 | EQ6: 2802 | ER6: 2195 | ES6: 3130 | ET6: 2875 | EU6: 2171 | EV6: 1759 | EW6: 2362 | EX6: 1658 | EY6: 1837 | EZ6: 888 | FA6: 199 | FB6: 1601 | FC6: 2232 | FD6: 2821 | FE6: 2715 | FF6: 2208 | FG6: 2687 | FH6: 3571 | FI6: 2772 | FJ6: 2301 | FK6: 3376 | FL6: 3087 | FM6: 1438 | FN6: 1406 | FO6: 1655 | FP6: 1700 | FQ6: 3025 | FR6: 3792 | FS6: 2645 | FT6: 2326 | FU6: 2266 | FV6: 2552 | FW6: 3459 | FX6: 3105 | FY6: 3226 | FZ6: 1629 | GA6: 213 | GB6: 0 | GC6: 0 | GD6: 0 | GE6: 0 | GF6: 0 | GG6: 0 | GH6: 0 | GI6: 0 | GJ6: 0 | GK6: 0 | GL6: 0 | GM6: 0 | GN6: 0 | GO6: 0 | GP6: 0 | GQ6: 0 | GR6: 0 | GS6: 0 | GT6: 0 | GU6: 0 | GV6: 0 | GW6: 0 | GX6: 0 | GY6: 0 | GZ6: 0 | HA6: 0 | HB6: 0 | HC6: 0 | HD6: 0 | HE6: 0 | HF6: 0 | HG6: 2224 | HH6: 1712 | HI6: 2130 | HJ6: 2584 | HK6: 2429 | HL6: 1922 | HM6: 1439 | HN6: 1916 | HO6: 3058 | HP6: 2554 | HQ6: 1217 | HR6: 738 | HS6: 1592 | HT6: 2810 | HU6: 2859 | HV6: 2716 | HW6: 2635 | HX6: 2912 | HY6: 2898 | HZ6: 3046 | IA6: 2631 | IB6: 2668 | IC6: 3593 | ID6: 1375 | IE6: 1573 | IF6: 2752 | IG6: 2541 | IH6: 2730 | II6: 3411 | IJ6: 2691 | IK6: 728 | IL6: 2993 | IM6: 2702 | IN6: 2319 | IO6: 2229 | IP6: 2269 | IQ6: 1025 | IR6: 35 | IS6: 1363 | IT6: 3308 | IU6: 3412 | IV6: 2030 | IW6: 2268 | IX6: 818 | IY6: 708 | IZ6: 1344 | JA6: 1777 | JB6: 1353 | JC6: 2009 | JD6: 2773 | JE6: 2600 | JF6: 2255 | JG6: 2089 | JH6: 1838 | JI6: 896 | JJ6: 2254 | JK6: 3108 | JL6: 2533 | JM6: 2224 | JN6: 2445 | JO6: 2020 | JP6: 2435 | JQ6: 1749 | JR6: 1108 | JS6: 1067 | JT6: 2015 | JU6: 2930 | JV6: 2124 | JW6: 2906.5288 | JX6: 1904 | JY6: 2238 | JZ6: 2646 | KA6: 78 | KB6: 0 | KC6: 1365 | KD6: 3192 | KE6: 3593 | KF6: 1741 | KG6: 2537 | KH6: 3664 | KI6: 2840 | KJ6: 3090 | KK6: 2960 | KL6: 795 | KM6: 1193 | KN6: 2875 | KO6: 2626 | KP6: 1483 | KQ6: 2791 | KR6: 2842 | KS6: 2477 | KT6: 583 | KU6: 2831 | KV6: 2067 | KW6: 962 | KX6: 2280 | KY6: 3318 | KZ6: 1729 | LA6: 1134 | LB6: 2976 | LC6: 3413 | LD6: 2282 | LE6: 2728 | LF6: 3018 | LG6: 2995 | LH6: 2744.3323 | LI6: 248 | LJ6: 795 | LK6: 1168 | LL6: 2930 | LM6: 3030 | LN6: 2602 | LO6: 1666 | LP6: 2899 | LQ6: 1607 | LR6: 1110 | LS6: 1829 | LT6: 3114 | LU6: 2298 | LV6: 2343 | LW6: 2680 | LX6: 2265 | LY6: 1309 | LZ6: 1730 | MA6: 3300 | MB6: 2817 | MC6: 602 | MD6: 574 | ME6: 2564 | MF6: 2712 | MG6: 2546 | MH6: 2356 | MI6: 2233 | MJ6: 1465 | MK6: 1290 | ML6: 1341 | MM6: 1818 | MN6: 3562 | MO6: 3543 | MP6: 2092 | MQ6: 0 | MR6: 1659 | MS6: 2819 | MT6: 2780 | MU6: 3078 | MV6: 3740 | MW6: 2300 | MX6: 3130 | MY6: 3028 | MZ6: 3192 | NA6: =IF(TODAY()<=NA2,NA42,NA47) -> 0 | NB6: =IF(TODAY()<=NB2,NB42,NB47) -> 0 | NC6: =IF(TODAY()<=NC2,NC42,NC47) -> 0
A7: Shuttle SR > RY | C7: 0 | D7: 0 | E7: 214 | F7: 269 | G7: 402 | H7: 464 | I7: 423 | J7: 105 | K7: 37 | L7: 161 | M7: 285 | N7: 397 | O7: 86 | P7: 272 | Q7: 292 | R7: 110 | S7: 27 | T7: 219 | U7: 353 | V7: 80 | W7: 32 | X7: 111 | Y7: 78 | Z7: 169 | AA7: 340 | AB7: 231 | AC7: 241 | AD7: 282 | AE7: 108 | AF7: 219 | AG7: 121 | AH7: 384 | AI7: 382 | AJ7: 371 | AK7: 516 | AL7: 270 | AM7: 362 | AN7: 191 | AO7: 326 | AP7: 285 | AQ7: 136 | AR7: 203 | AS7: 148 | AT7: 174 | AU7: 187 | AV7: 138 | AW7: 78 | AX7: 130 | AY7: 232 | AZ7: 213 | BA7: 291 | BB7: 280 | BC7: 389 | BD7: 279 | BE7: 231 | BF7: 293 | BG7: 83 | BH7: 276 | BI7: 156 | BJ7: 290 | BK7: 388 | BL7: 178 | BM7: 218 | BN7: 216 | BO7: 353 | BP7: 419 | BQ7: 389 | BR7: 426 | BS7: 307 | BT7: 268 | BU7: 358 | BV7: 464 | BW7: 427 | BX7: 350 | BY7: 251 | BZ7: 343 | CA7: 191 | CB7: 238 | CC7: 439 | CD7: 382 | CE7: 442 | CF7: 430 | CG7: 389 | CH7: 338 | CI7: 441 | CJ7: 260 | CK7: 260 | CL7: 261 | CM7: 262 | CN7: 156 | CO7: 77 | CP7: 371 | CQ7: 489 | CR7: 377 | CS7: 378 | CT7: 452 | CU7: 364 | CV7: 509 | CW7: 292 | CX7: 96 | CY7: 372 | CZ7: 272 | DA7: 335 | DB7: 193 | DC7: 0 | DD7: 59 | DE7: 318 | DF7: 380 | DG7: 407 | DH7: 306 | DI7: 333 | DJ7: 336 | DK7: 416 | DL7: 393 | DM7: 441 | DN7: 268 | DO7: 144 | DP7: 205 | DQ7: 155 | DR7: 162 | DS7: 217 | DT7: 208 | DU7: 250 | DV7: 240 | DW7: 315 | DX7: 314 | DY7: 225 | DZ7: 88 | EA7: 261 | EB7: 321 | EC7: 0 | ED7: 70 | EE7: 191 | EF7: 216 | EG7: 313 | EH7: 0 | EI7: 312 | EJ7: 312 | EK7: 288 | EL7: 264 | EM7: 264 | EN7: 173 | EO7: 120 | EP7: 378 | EQ7: 239 | ER7: 247 | ES7: 264 | ET7: 240 | EU7: 337 | EV7: 168 | EW7: 263 | EX7: 288 | EY7: 236 | EZ7: 48 | FA7: 226 | FB7: 206 | FC7: 282 | FD7: 336 | FE7: 156 | FF7: 346 | FG7: 191 | FH7: 263 | FI7: 195 | FJ7: 85 | FK7: 279 | FL7: 123 | FM7: 201 | FN7: 142 | FO7: 135 | FP7: 378 | FQ7: 398 | FR7: 402 | FS7: 278 | FT7: 200 | FU7: 331 | FV7: 234 | FW7: 378 | FX7: 288 | FY7: 153 | FZ7: 431 | GA7: 226 | GB7: 354 | GC7: 159 | GD7: 380 | GE7: 356 | GF7: 332 | GG7: 358 | GH7: 373 | GI7: 384 | GJ7: 167 | GK7: 111 | GL7: 251 | GM7: 460 | GN7: 236 | GO7: 243 | GP7: 91 | GQ7: 198 | GR7: 202 | GS7: 277 | GT7: 232 | GU7: 226 | GV7: 96 | GW7: 151 | GX7: 58 | GY7: 151 | GZ7: 81 | HA7: 73 | HB7: 120 | HC7: 282 | HD7: 125 | HE7: 33 | HF7: 154 | HG7: 122 | HH7: 166 | HI7: 351 | HJ7: 291 | HK7: 182 | HL7: 202 | HM7: 163 | HN7: 177 | HO7: 241 | HP7: 435 | HQ7: 364 | HR7: 282 | HS7: 280 | HT7: 205 | HU7: 181 | HV7: 260 | HW7: 315 | HX7: 257 | HY7: 240 | HZ7: 135 | IA7: 478 | IB7: 291 | IC7: 181 | ID7: 365 | IE7: 288 | IF7: 168 | IG7: 160 | IH7: 294 | II7: 102 | IJ7: 206 | IK7: 174 | IL7: 263 | IM7: 157 | IN7: 29 | IO7: 242 | IP7: 260 | IQ7: 279 | IR7: 437 | IS7: 253 | IT7: 0 | IU7: 168 | IV7: 340 | IW7: 208 | IX7: 215 | IY7: 596 | IZ7: 519 | JA7: 104 | JB7: 130 | JC7: 156 | JD7: 212 | JE7: 390 | JF7: 390 | JG7: 156 | JH7: 155 | JI7: 78 | JJ7: 301 | JK7: 179 | JL7: 377 | JM7: 323 | JN7: 218 | JO7: 171 | JP7: 211 | JQ7: 78 | JR7: 103 | JS7: 598 | JT7: 312 | JU7: 94 | JV7: 261 | JW7: 600 | JX7: 311 | JY7: 180 | JZ7: 547 | KA7: 367 | KB7: 363 | KC7: 50 | KD7: 0 | KE7: 312 | KF7: 156 | KG7: 348 | KH7: 454 | KI7: 182 | KJ7: 129 | KK7: 106 | KL7: 598 | KM7: 415 | KN7: 233 | KO7: 359 | KP7: 289 | KQ7: 208 | KR7: 208 | KS7: 204 | KT7: 208 | KU7: 572 | KV7: 338 | KW7: 50 | KX7: 50 | KY7: 26 | KZ7: 168 | LA7: 235 | LB7: 549 | LC7: 263 | LD7: 52 | LE7: 133 | LF7: 187 | LG7: 192 | LH7: 128 | LI7: 3 | LJ7: 598 | LK7: 151 | LL7: 27 | LM7: 211 | LN7: 336 | LO7: 205 | LP7: 160 | LQ7: 205 | LR7: 0 | LS7: 23 | LT7: 75 | LU7: 79 | LV7: 208 | LW7: 311 | LX7: 257 | LY7: 78 | LZ7: 284 | MA7: 182 | MB7: 233 | MC7: 260 | MD7: 339 | ME7: 414 | MF7: 258 | MG7: 338 | MH7: 245 | MI7: 184 | MJ7: 177 | MK7: 317 | ML7: 249 | MM7: 282 | MN7: 235 | MO7: 105 | MP7: 184 | MQ7: 442 | MR7: 183 | MS7: 172 | MT7: 81 | MU7: 153 | MV7: 140 | MW7: 82 | MX7: 241 | MY7: 232 | MZ7: 100 | NA7: =IF(TODAY()<=NA2,NA60,NA64) -> 0 | NB7: =IF(TODAY()<=NB2,NB60,NB64) -> 0 | NC7: =IF(TODAY()<=NC2,NC60,NC64) -> 0
A8: Shuttle Toyo > RY | C8: 0 | D8: 0 | E8: 26 | F8: 0 | G8: 111 | H8: 104 | I8: 0 | J8: 102 | K8: 156 | L8: 180 | M8: 26 | N8: 75 | O8: 51 | P8: 104 | Q8: 51 | R8: 103 | S8: 24 | T8: 26 | U8: 26 | V8: 51 | W8: 0 | X8: 0 | Y8: 26 | Z8: 0 | AA8: 89 | AB8: 25 | AC8: 51 | AD8: 52 | AE8: 51 | AF8: 77 | AG8: 26 | AH8: 76 | AI8: 26 | AJ8: 0 | AK8: 103 | AL8: 25 | AM8: 76 | AN8: 104 | AO8: 26 | AP8: 26 | AQ8: 26 | AR8: 51 | AS8: 104 | AT8: 26 | AU8: 52 | AV8: 51 | AW8: 52 | AX8: 52 | AY8: 52 | AZ8: 75 | BA8: 76 | BB8: 76 | BC8: 76 | BD8: 76 | BE8: 26 | BF8: 77 | BG8: 78 | BH8: 26 | BI8: 78 | BJ8: 104 | BK8: 78 | BL8: 26 | BM8: 104 | BN8: 130 | BO8: 103 | BP8: 128 | BQ8: 77 | BR8: 103 | BS8: 0 | BT8: 155 | BU8: 77 | BV8: 52 | BW8: 78 | BX8: 0 | BY8: 26 | BZ8: 0 | CA8: 78 | CB8: 76 | CC8: 101 | CD8: 0 | CE8: 51 | CF8: 26 | CG8: 0 | CH8: 26 | CI8: 78 | CJ8: 76 | CK8: 76 | CL8: 104 | CM8: 25 | CN8: 0 | CO8: 25 | CP8: 26 | CQ8: 0 | CR8: 75 | CS8: 154 | CT8: 52 | CU8: 0 | CV8: 77 | CW8: 129 | CX8: 104 | CY8: 100 | CZ8: 129 | DA8: 0 | DB8: 0 | DC8: 0 | DD8: 0 | DE8: 0 | DF8: 103 | DG8: 50 | DH8: 25 | DI8: 0 | DJ8: 50 | DK8: 52 | DL8: 78 | DM8: 102 | DN8: 207 | DO8: 104 | DP8: 0 | DQ8: 78 | DR8: 102 | DS8: 102 | DT8: 193 | DU8: 39 | DV8: 156 | DW8: 77 | DX8: 76 | DY8: 102 | DZ8: 0 | EA8: 153 | EB8: 102 | EC8: 0 | ED8: 0 | EE8: 52 | EF8: 51 | EG8: 52 | EH8: 0 | EI8: 52 | EJ8: 0 | EK8: 25 | EL8: 51 | EM8: 51 | EN8: 77 | EO8: 206 | EP8: 129 | EQ8: 0 | ER8: 25 | ES8: 25 | ET8: 26 | EU8: 51 | EV8: 104 | EW8: 104 | EX8: 78 | EY8: 26 | EZ8: 128 | FA8: 0 | FB8: 52 | FC8: 78 | FD8: 130 | FE8: 78 | FF8: 52 | FG8: 0 | FH8: 102 | FI8: 77 | FJ8: 75 | FK8: 77 | FL8: 50 | FM8: 0 | FN8: 78 | FO8: 26 | FP8: 50 | FQ8: 25 | FR8: 127 | FS8: 77 | FT8: 0 | FU8: 78 | FV8: 104 | FW8: 75 | FX8: 0 | FY8: 104 | FZ8: 52 | GA8: 0 | GB8: 52 | GC8: 104 | GD8: 52 | GE8: 77 | GF8: 78 | GG8: 25 | GH8: 0 | GI8: 52 | GJ8: 26 | GK8: 26 | GL8: 51 | GM8: 26 | GN8: 0 | GO8: 0 | GP8: 99 | GQ8: 0 | GR8: 104 | GS8: 0 | GT8: 51 | GU8: 26 | GV8: 26 | GW8: 78 | GX8: 51 | GY8: 26 | GZ8: 25 | HA8: 26 | HB8: 26 | HC8: 26 | HD8: 77 | HE8: 52 | HF8: 26 | HG8: 25 | HH8: 103 | HI8: 0 | HJ8: 26 | HK8: 26 | HL8: 25 | HM8: 78 | HN8: 78 | HO8: 52 | HP8: 25 | HQ8: 50 | HR8: 51 | HS8: 0 | HT8: 155 | HU8: 181 | HV8: 0 | HW8: 26 | HX8: 26 | HY8: 76 | HZ8: 23 | IA8: 25 | IB8: 104 | IC8: 103 | ID8: 103 | IE8: 0 | IF8: 77 | IG8: 49 | IH8: 103 | II8: 103 | IJ8: 77 | IK8: 48 | IL8: 26 | IM8: 76 | IN8: 129 | IO8: 50 | IP8: 26 | IQ8: 77 | IR8: 0 | IS8: 0 | IT8: 0 | IU8: 26 | IV8: 0 | IW8: 78 | IX8: 26 | IY8: 60 | IZ8: 0 | JA8: 50 | JB8: 52 | JC8: 26 | JD8: 78 | JE8: 76 | JF8: 26 | JG8: 0 | JH8: 129 | JI8: 155 | JJ8: 104 | JK8: 104 | JL8: 0 | JM8: 26 | JN8: 0 | JO8: 26 | JP8: 77 | JQ8: 50 | JR8: 52 | JS8: 26 | JT8: 25 | JU8: 26 | JV8: 52 | JW8: 52 | JX8: 52 | JY8: 78 | JZ8: 0 | KA8: 0 | KB8: 26 | KC8: 51 | KD8: 51 | KE8: 151 | KF8: 75 | KG8: 0 | KH8: 0 | KI8: 0 | KJ8: 0 | KK8: 50 | KL8: 26 | KM8: 52 | KN8: 103 | KO8: 26 | KP8: 54 | KQ8: 25 | KR8: 49 | KS8: 78 | KT8: 77 | KU8: 52 | KV8: 77 | KW8: 103 | KX8: 129 | KY8: 78 | KZ8: 77 | LA8: 153 | LB8: 26 | LC8: 26 | LD8: 52 | LE8: 26 | LF8: 76 | LG8: 49 | LH8: 26 | LI8: 0 | LJ8: 0 | LK8: 26 | LL8: 25 | LM8: 0 | LN8: 52 | LO8: 76 | LP8: 0 | LQ8: 0 | LR8: 47 | LS8: 8 | LT8: 25 | LU8: 20 | LV8: 0 | LW8: 127 | LX8: 5 | LY8: 0 | LZ8: 26 | MA8: 52 | MB8: 36 | MC8: 93 | MD8: 26 | ME8: 52 | MF8: 0 | MG8: 25 | MH8: 50 | MI8: 0 | MJ8: 78 | MK8: 50 | ML8: 26 | MM8: 0 | MN8: 51 | MO8: 25 | MP8: 76 | MQ8: 51 | MR8: 74 | MS8: 0 | MT8: 26 | MU8: 103 | MV8: 25 | MW8: 75 | MX8: 0 | MY8: 0 | MZ8: 0 | NA8: =IF(TODAY()<=NA2,NA46,NA50) -> 0 | NB8: =IF(TODAY()<=NB2,NB46,NB50) -> 0 | NC8: =IF(TODAY()<=NC2,NC46,NC50) -> 0
A9: Outbound | C9: 0.11554841 | D9: 0.16699686 | E9: 0.15869772 | F9: 0.15397095 | G9: 0.20688579 | H9: 0.13433756 | I9: 0.16950359 | J9: 0.15924683 | K9: 0.15442657 | L9: 0.12613489 | M9: 0.12080794 | N9: 0.13554262 | O9: 0.13751757 | P9: 0.16182275 | Q9: 0.16259327 | R9: 0.16470207 | S9: 0.1271899 | T9: 0.10629123 | U9: 0.13988321 | V9: 0.18898297 | W9: 0.18415465 | X9: 0.18781113 | Y9: 0.14495537 | Z9: 0.12070804 | AA9: 0.085782003 | AB9: 0.08760584 | AC9: 0.18898297 | AD9: 0.18415465 | AE9: 0.18781113 | AF9: 0.14495537 | AG9: 0.12070804 | AH9: 0.085782003 | AI9: 0.08760584 | AJ9: 0.09556495 | AK9: 0.1023353 | AL9: 0.11554841 | AM9: 0.16699686 | AN9: 0.15869772 | AO9: 0.15397095 | AP9: 0.20688579 | AQ9: 0.13433756 | AR9: 0.16950359 | AS9: 0.15924683 | AT9: 0.15442657 | AU9: 0.12613489 | AV9: 0.12080794 | AW9: 0.13554262 | AX9: 0.13751757 | AY9: 0.16182275 | AZ9: 0.16259327 | BA9: 0.16470207 | BB9: 0.1271899 | BC9: 0.10629123 | BD9: 0.13988321 | BE9: 0.18898297 | BF9: 0.18415465 | BG9: 0.18781113 | BH9: 0.14495537 | BI9: 0.12070804 | BJ9: 0.087105529 | BK9: 0.080783354 | BL9: 0.084091037 | BM9: 0.11467266 | BN9: 0.14907558 | BO9: 0.14252318 | BP9: 0.17047485 | BQ9: 0.15584153 | BR9: 0.18332116 | BS9: 0.15523134 | BT9: 0.15627761 | BU9: 0.16953034 | BV9: 0.17096024 | BW9: 0.13243432 | BX9: 0.10252267 | BY9: 0.11304348 | BZ9: 0.15236002 | CA9: 0.15941498 | CB9: 0.14084144 | CC9: 0.13887419 | CD9: 0.13800589 | CE9: 0.11970369 | CF9: 0.15079979 | CG9: 0.178809 | CH9: 0.1855782 | CI9: 0.16871907 | CJ9: 0.15768187 | CK9: 0.14132297 | CL9: 0.087105529 | CM9: 0.080783354 | CN9: 0.084091037 | CO9: 0.11467266 | CP9: 0.14907558 | CQ9: 0.14252318 | CR9: 0.17047485 | CS9: 0.15584153 | CT9: 0.18332116 | CU9: 0.15523134 | CV9: 0.15627761 | CW9: 0.16953034 | CX9: 0.17096024 | CY9: 0.13243432 | CZ9: 0.10252267 | DA9: 0.11304348 | DB9: 0.15236002 | DC9: 0.15941498 | DD9: 0.14084144 | DE9: 0.13887419 | DF9: 0.13800589 | DG9: 0.11970369 | DH9: 0.15079979 | DI9: 0.178809 | DJ9: 0.1855782 | DK9: 0.16871907 | DL9: 0.15768187 | DM9: 0.14132297 | DN9: 0.087105529 | DO9: 0.080783354 | DP9: 0.178809 | DQ9: 0.1855782 | DR9: 0.16871907 | DS9: 0.15768187 | DT9: 0.14132297 | DU9: 0.15584153 | DV9: 0.18332116 | DW9: 0.084091037 | DX9: 0.15627761 | DY9: 0.16953034 | DZ9: 0.17096024 | EA9: 0.13243432 | EB9: 0.10252267 | EC9: 0.11304348 | ED9: 0.15523134 | EE9: 0.15941498 | EF9: 0.14084144 | EG9: 0.13887419 | EH9: 0.13800589 | EI9: 0.11970369 | EJ9: 0.15079979 | EK9: 0.15236002 | EL9: 0.1855782 | EM9: 0.16871907 | EN9: 0.15768187 | EO9: 0.14132297 | EP9: 0.087105529 | EQ9: 0.080783354 | ER9: 0.178809 | ES9: 0.1855782 | ET9: 0.16871907 | EU9: 0.15768187 | EV9: 0.14132297 | EW9: 0.087105529 | EX9: 0.20688579 | EY9: 0.09556495 | EZ9: 0.1023353 | FA9: 0.11554841 | FB9: 0.16699686 | FC9: 0.15869772 | FD9: 0.15397095 | FE9: 0.20688579 | FF9: 0.09556495 | FG9: 0.16950359 | FH9: 0.15924683 | FI9: 0.15442657 | FJ9: 0.12613489 | FK9: 0.12080794 | FL9: 0.13554262 | FM9: 0.13433756 | FN9: 0.16182275 | FO9: 0.16259327 | FP9: 0.16470207 | FQ9: 0.1271899 | FR9: 0.10629123 | FS9: 0.13988321 | FT9: 0.13751757 | FU9: 0.18415465 | FV9: 0.18781113 | FW9: 0.14495537 | FX9: 0.12070804 | FY9: 0.085782003 | FZ9: 0.08760584 | GA9: 0.18898297 | GB9: 0.1023353 | GC9: 0.11554841 | GD9: 0.16699686 | GE9: 0.15869772 | GF9: 0.15397095 | GG9: 0.20688579 | GH9: 0.09556495 | GI9: 0.16950359 | GJ9: 0.15924683 | GK9: 0.15442657 | GL9: 0.12613489 | GM9: 0.12080794 | GN9: 0.13554262 | GO9: 0.13433756 | GP9: 0.16182275 | GQ9: 0.16259327 | GR9: 0.16470207 | GS9: 0.1271899 | GT9: 0.10629123 | GU9: 0.13988321 | GV9: 0.13751757 | GW9: 0.18415465 | GX9: 0.18781113 | GY9: 0.14495537 | GZ9: 0.12070804 | HA9: 0.085782003 | HB9: 0.08760584 | HC9: 0.18898297 | HD9: 0.18415465 | HE9: 0.18781113 | HF9: 0.14495537 | HG9: 0.15869772 | HH9: 0.15397095 | HI9: 0.20688579 | HJ9: 0.09556495 | HK9: 0.16950359 | HL9: 0.15924683 | HM9: 0.15442657 | HN9: 0.12613489 | HO9: 0.12080794 | HP9: 0.13554262 | HQ9: 0.13433756 | HR9: 0.16182275 | HS9: 0.16259327 | HT9: 0.16470207 | HU9: 0.1271899 | HV9: 0.10629123 | HW9: 0.13988321 | HX9: 0.13751757 | HY9: 0.18415465 | HZ9: 0.18781113 | IA9: 0.14495537 | IB9: 0.12070804 | IC9: 0.085782003 | ID9: 0.08760584 | IE9: 0.18898297 | IF9: 0.18415465 | IG9: 0.18781113 | IH9: 0.14495537 | II9: 0.12070804 | IJ9: 0.085782003 | IK9: 0.08760584 | IL9: 0.09556495 | IM9: 0.1023353 | IN9: 0.11554841 | IO9: 0.16699686 | IP9: 0.15869772 | IQ9: 0.15397095 | IR9: 0.20688579 | IS9: 0.09556495 | IT9: 0.16950359 | IU9: 0.15924683 | IV9: 0.15442657 | IW9: 0.12613489 | IX9: 0.12080794 | IY9: 0.13554262 | IZ9: 0.13433756 | JA9: 0.16182275 | JB9: 0.16259327 | JC9: 0.16470207 | JD9: 0.1271899 | JE9: 0.10629123 | JF9: 0.13988321 | JG9: 0.13751757 | JH9: 0.18415465 | JI9: 0.18781113 | JJ9: 0.14495537 | JK9: 0.12070804 | JL9: 0.085782003 | JM9: 0.08760584 | JN9: 0.18898297 | JO9: 0.18415465 | JP9: 0.14907558 | JQ9: 0.14252318 | JR9: 0.17047485 | JS9: 0.15584153 | JT9: 0.18332116 | JU9: 0.084091037 | JV9: 0.15627761 | JW9: 0.16953034 | JX9: 0.17096024 | JY9: 0.13243432 | JZ9: 0.10252267 | KA9: 0.11304348 | KB9: 0.15523134 | KC9: 0.15941498 | KD9: 0.14084144 | KE9: 0.13887419 | KF9: 0.13800589 | KG9: 0.11970369 | KH9: 0.15079979 | KI9: 0.15236002 | KJ9: 0.1855782 | KK9: 0.16871907 | KL9: 0.15768187 | KM9: 0.14132297 | KN9: 0.087105529 | KO9: 0.080783354 | KP9: 0.178809 | KQ9: 0.1855782 | KR9: 0.16871907 | KS9: =_xlfn.XLOOKUP(KS3&KS4,'[1]2024 Daily ratio'!$M$87:$M$93,'[1]2024 Daily ratio'!$B$87:$B$93,0,0,1)+_xlfn.XLOOKUP(KS3&KS4,'[1]2024 Daily ratio'!$N$87:$N$93,'[1]2024 Daily ratio'!$C$87:$C$93,0,0,1)+_xlfn.XLOOKUP(KS3&KS4,'[1]2024 Daily ratio'!$O$87:$O$93,'[1]2024 Daily ratio'!$D$87:$D$93,0,0,1)+_xlfn.XLOOKUP(KS3&KS4,'[1]2024 Daily ratio'!$P$87:$P$93,'[1]2024 Daily ratio'!$E$87:$E$93,0,0,1) -> 0.15768187 | KT9: 0.14132297 | KU9: 0.15584153 | KV9: 0.18332116 | KW9: 0.084091037 | KX9: 0.11467266 | KY9: 0.14907558 | KZ9: 0.14252318 | LA9: 0.17047485 | LB9: 0.15584153 | LC9: 0.18332116 | LD9: 0.084091037 | LE9: 0.15627761 | LF9: 0.16953034 | LG9: 0.17096024 | LH9: 0.13243432 | LI9: 0.10252267 | LJ9: 0.11304348 | LK9: 0.15523134 | LL9: 0.15941498 | LM9: 0.14084144 | LN9: 0.13887419 | LO9: 0.13800589 | LP9: 0.11970369 | LQ9: 0.15079979 | LR9: 0.15236002 | LS9: 0.1855782 | LT9: 0.16871907 | LU9: 0.15768187 | LV9: 0.14132297 | LW9: 0.087105529 | LX9: 0.080783354 | LY9: 0.084091037 | LZ9: 0.11467266 | MA9: 0.14907558 | MB9: 0.14252318 | MC9: 0.17047485 | MD9: 0.15584153 | ME9: 0.18332116 | MF9: 0.08 | MG9: 0.16 | MH9: 0.17 | MI9: 0.17 | MJ9: 0.16 | MK9: 0.1 | ML9: 0.16 | MM9: 0.08 | MN9: 0.16 | MO9: 0.17 | MP9: 0.17 | MQ9: 0.16 | MR9: 0.1 | MS9: 0.16 | MT9: 0.08 | MU9: 0.16 | MV9: 0.17 | MW9: 0.17 | MX9: 0.16 | MY9: 0.1 | MZ9: 0.16 | NA9: 0.08 | NB9: 0.16 | NC9: 0.17
A10: Daily sales forecast | C10: 1966 | D10: 1165 | E10: 1346 | F10: 868 | G10: 1287 | H10: 1427 | I10: 1844 | J10: 2068 | K10: 1901 | L10: 1774 | M10: 1418 | N10: 1501 | O10: 1849 | P10: 1220 | Q10: 1498 | R10: 1101 | S10: 1569 | T10: 953 | U10: 1171 | V10: 1341 | W10: 1736 | X10: 1240 | Y10: 1429 | Z10: 1391 | AA10: 1126 | AB10: 1391 | AC10: 1449 | AD10: 2230 | AE10: 1820 | AF10: 1809 | AG10: 1644 | AH10: 1479 | AI10: 1323 | AJ10: 1552 | AK10: 1802 | AL10: 2326 | AM10: 1808 | AN10: 1673 | AO10: 1759 | AP10: 1104 | AQ10: 1112 | AR10: 2166 | AS10: 1546 | AT10: 1720 | AU10: 1480 | AV10: 1027 | AW10: 1314 | AX10: 1864 | AY10: 2130 | AZ10: 2159 | BA10: 2684 | BB10: 2196 | BC10: 1164 | BD10: 1420 | BE10: 2393 | BF10: 2401 | BG10: 2684 | BH10: 2497 | BI10: 1703 | BJ10: 1486 | BK10: 1754 | BL10: 2016 | BM10: 2819 | BN10: 2689 | BO10: 2168 | BP10: 1803 | BQ10: 1911 | BR10: 1900 | BS10: 2240 | BT10: 2102 | BU10: 2179 | BV10: 2570 | BW10: 2545 | BX10: 2078 | BY10: 2071 | BZ10: 2693 | CA10: 2393 | CB10: 2898 | CC10: 2607 | CD10: 2438 | CE10: 1966 | CF10: 1904 | CG10: 2682 | CH10: 2333 | CI10: 1859 | CJ10: 1850 | CK10: 2010 | CL10: 3474 | CM10: 2113 | CN10: 2535 | CO10: 2464 | CP10: 2155 | CQ10: 2082 | CR10: 2041 | CS10: 2576 | CT10: 2643 | CU10: 2706 | CV10: 2905 | CW10: 3019 | CX10: 3147 | CY10: 2480 | CZ10: 2117 | DA10: 1191 | DB10: 1551 | DC10: 2768 | DD10: 2682 | DE10: 2092 | DF10: 1975 | DG10: 1120 | DH10: 1150 | DI10: 1692 | DJ10: 1664 | DK10: 2085 | DL10: 2386 | DM10: 2631 | DN10: 2541 | DO10: 2452 | DP10: 2786 | DQ10: 2552 | DR10: 2209 | DS10: 1530 | DT10: 1565 | DU10: 1648 | DV10: 1214 | DW10: 1517 | DX10: 1945 | DY10: 1873 | DZ10: 2270 | EA10: 2305 | EB10: 3585 | EC10: 448 | ED10: 1071 | EE10: 1568 | EF10: 2340 | EG10: 1595 | EH10: 130 | EI10: 1240 | EJ10: 1997 | EK10: 2014 | EL10: 2289 | EM10: 2525 | EN10: 2507 | EO10: 2192 | EP10: 1805 | EQ10: 1631 | ER10: 1992 | ES10: 1892 | ET10: 1783 | EU10: 1814 | EV10: 1915 | EW10: 1503 | EX10: 1319 | EY10: 1618 | EZ10: 2035 | FA10: 1493 | FB10: 2099 | FC10: 1668 | FD10: 2394 | FE10: 2036 | FF10: 1695 | FG10: 1711 | FH10: 2161 | FI10: 2065 | FJ10: 2232 | FK10: 2362 | FL10: 1528 | FM10: 1885 | FN10: 2180 | FO10: 1670 | FP10: 2065 | FQ10: 2224 | FR10: 1590 | FS10: 2008 | FT10: 2613 | FU10: 2024 | FV10: 2212 | FW10: 2344 | FX10: 2413 | FY10: 1995 | FZ10: 2048 | GA10: 2225 | GB10: 1514 | GC10: 1403 | GD10: 1479 | GE10: 1469 | GF10: 1288 | GG10: 1471 | GH10: 1591 | GI10: 1665 | GJ10: 1349 | GK10: 1634 | GL10: 1211 | GM10: 1316 | GN10: 1460 | GO10: 1850 | GP10: 1737 | GQ10: 1480 | GR10: 1653 | GS10: 1683 | GT10: 1398 | GU10: 1632 | GV10: 1609 | GW10: 2154 | GX10: 2989 | GY10: 2376 | GZ10: 2376 | HA10: 1735 | HB10: 1250 | HC10: 1720 | HD10: 2015 | HE10: 2582 | HF10: 1957 | HG10: 1240 | HH10: 1142 | HI10: 1394 | HJ10: 1441 | HK10: 2136 | HL10: 1998 | HM10: 2502 | HN10: 1928 | HO10: 2048 | HP10: 1839 | HQ10: 1802 | HR10: 1457 | HS10: 1931 | HT10: 1697 | HU10: 1817 | HV10: 2467 | HW10: 1707 | HX10: 2098 | HY10: 1744 | HZ10: 1893 | IA10: 2255 | IB10: 2165 | IC10: 2120 | ID10: 2206 | IE10: 1837 | IF10: 1692 | IG10: 2233 | IH10: 2632 | II10: 2244 | IJ10: 2043 | IK10: 1190 | IL10: 1116 | IM10: 2211 | IN10: 2546 | IO10: 1830 | IP10: 1562 | IQ10: 1175 | IR10: 1475 | IS10: 1271 | IT10: 1812 | IU10: 1129 | IV10: 1199 | IW10: 1154 | IX10: 916 | IY10: 1167 | IZ10: 1475 | JA10: 1653 | JB10: 2064 | JC10: 1693 | JD10: 1312 | JE10: 1371 | JF10: 1214 | JG10: 1644 | JH10: 1581 | JI10: 1774 | JJ10: 2162 | JK10: 1820 | JL10: 1783 | JM10: 1568 | JN10: 1929 | JO10: 1162 | JP10: 1069 | JQ10: 1532 | JR10: 1638 | JS10: 1238 | JT10: 1339 | JU10: 1290 | JV10: 1335 | JW10: 1311.7249 | JX10: 1700 | JY10: 1626 | JZ10: 1257 | KA10: 1855 | KB10: 1912 | KC10: 1993 | KD10: 2094 | KE10: 1441 | KF10: 1833 | KG10: 1383 | KH10: 1084 | KI10: 2008 | KJ10: 1853 | KK10: 2052 | KL10: 1431 | KM10: 1522 | KN10: 1388 | KO10: 960 | KP10: 1666 | KQ10: 1971 | KR10: 1716 | KS10: 1864 | KT10: 996 | KU10: 1003 | KV10: 1209 | KW10: 1202 | KX10: 1677 | KY10: 1495 | KZ10: 1662 | LA10: 1883 | LB10: 1509 | LC10: 1783 | LD10: 1560 | LE10: 1939 | LF10: 1909 | LG10: 1790 | LH10: 2555 | LI10: 63.75 | LJ10: 821 | LK10: 1746 | LL10: 1255 | LM10: 1565 | LN10: 1536 | LO10: 1332 | LP10: 1152 | LQ10: 1002 | LR10: 1620 | LS10: 1467 | LT10: 1730 | LU10: 1878 | LV10: 1345 | LW10: 1705 | LX10: 727 | LY10: 1149 | LZ10: 1316 | MA10: 1508 | MB10: 1735 | MC10: 1642 | MD10: 1133 | ME10: 1392 | MF10: 1521 | MG10: 1634 | MH10: 2108 | MI10: 2146 | MJ10: 1958 | MK10: 1515 | ML10: 1654 | MM10: 2336 | MN10: 2203 | MO10: 2264 | MP10: 1669 | MQ10: 1379 | MR10: =IF(TODAY()<=MR2,MR43,MR48) -> 1753 | MS10: 1416 | MT10: 1962 | MU10: 1969 | MV10: 1928 | MW10: 2123 | MX10: 1660 | MY10: 1232 | MZ10: 854 | NA10: =IF(TODAY()<=NA2,NA43,NA48)+100 -> 100 | NB10: =IF(TODAY()<=NB2,NB43,NB48) -> 0 | NC10: =IF(TODAY()<=NC2,NC43,NC48) -> 0
A11: Shuttle RY > SR | C11: 0 | D11: 174 | E11: 656 | F11: 914 | G11: 869 | H11: 1205 | I11: 269 | J11: 26 | K11: 270 | L11: 959 | M11: 1023 | N11: 1037 | O11: 988 | P11: 457 | Q11: 524 | R11: 439 | S11: 454 | T11: 388 | U11: 944 | V11: 518 | W11: 345 | X11: 127 | Y11: 211 | Z11: 220 | AA11: 878 | AB11: 495 | AC11: 850 | AD11: 488 | AE11: 415 | AF11: 475 | AG11: 503 | AH11: 1040 | AI11: 1322 | AJ11: 697 | AK11: 688 | AL11: 337 | AM11: 476 | AN11: 629 | AO11: 872 | AP11: 1236 | AQ11: 840 | AR11: 1110 | AS11: 901 | AT11: 851 | AU11: 449 | AV11: 207 | AW11: 259 | AX11: 162 | AY11: 546 | AZ11: 971 | BA11: 1028 | BB11: 817 | BC11: 682 | BD11: 1181 | BE11: 807 | BF11: 1116 | BG11: 1142 | BH11: 939 | BI11: 733 | BJ11: 1098 | BK11: 942 | BL11: 897 | BM11: 1019 | BN11: 1139 | BO11: 773 | BP11: 488 | BQ11: 724 | BR11: 826 | BS11: 665 | BT11: 483 | BU11: 585 | BV11: 911 | BW11: 765 | BX11: 828 | BY11: 1028 | BZ11: 794 | CA11: 666 | CB11: 664 | CC11: 805 | CD11: 601 | CE11: 963 | CF11: 1444 | CG11: 894 | CH11: 936 | CI11: 989 | CJ11: 700 | CK11: 784 | CL11: 785 | CM11: 786 | CN11: 156 | CO11: 358 | CP11: 617 | CQ11: 683 | CR11: 877 | CS11: 984 | CT11: 681 | CU11: 783 | CV11: 897 | CW11: 548 | CX11: 508 | CY11: 681 | CZ11: 703 | DA11: 1081 | DB11: 1321 | DC11: 864 | DD11: 838 | DE11: 695 | DF11: 1122 | DG11: 721 | DH11: 616 | DI11: 715 | DJ11: 490 | DK11: 828 | DL11: 805 | DM11: 766 | DN11: 1077 | DO11: 817 | DP11: 613 | DQ11: 715 | DR11: 952 | DS11: 889 | DT11: 851 | DU11: 834 | DV11: 574 | DW11: 654 | DX11: 495 | DY11: 531 | DZ11: 538 | EA11: 932 | EB11: 690 | EC11: 0 | ED11: 13 | EE11: 154 | EF11: 547 | EG11: 594 | EH11: 554 | EI11: 0 | EJ11: 745 | EK11: 718 | EL11: 387 | EM11: 515 | EN11: 521 | EO11: 727 | EP11: 740 | EQ11: 697 | ER11: 783 | ES11: 460 | ET11: 676 | EU11: 623 | EV11: 549 | EW11: 791 | EX11: 732 | EY11: 253 | EZ11: 617 | FA11: 307 | FB11: 175 | FC11: 304 | FD11: 80 | FE11: 655 | FF11: 667 | FG11: 488 | FH11: 626 | FI11: 535 | FJ11: 830 | FK11: 958 | FL11: 1015 | FM11: 1032 | FN11: 345 | FO11: 744 | FP11: 665 | FQ11: 654 | FR11: 440 | FS11: 1038 | FT11: 444 | FU11: 486 | FV11: 801 | FW11: 418 | FX11: 538 | FY11: 768 | FZ11: 1328 | GA11: 569 | GB11: 310 | GC11: 293 | GD11: 155 | GE11: 339 | GF11: 467 | GG11: 547 | GH11: 742 | GI11: 405 | GJ11: 213 | GK11: 743 | GL11: 912 | GM11: 540 | GN11: 576 | GO11: 286 | GP11: 269 | GQ11: 759 | GR11: 680 | GS11: 790 | GT11: 739 | GU11: 345 | GV11: 506 | GW11: 540 | GX11: 439 | GY11: 806 | GZ11: 646 | HA11: 788 | HB11: 924 | HC11: 917 | HD11: 349 | HE11: 263 | HF11: 633 | HG11: 504 | HH11: 618 | HI11: 858 | HJ11: 931 | HK11: 433 | HL11: 840 | HM11: 644 | HN11: 613 | HO11: 1020 | HP11: 928 | HQ11: 1196 | HR11: 813 | HS11: 597 | HT11: 599 | HU11: 833 | HV11: 838 | HW11: 1102 | HX11: 787 | HY11: 413 | HZ11: 531 | IA11: 554 | IB11: 631 | IC11: 632 | ID11: 795 | IE11: 492 | IF11: 585 | IG11: 672 | IH11: 1061 | II11: 817 | IJ11: 1097 | IK11: 722 | IL11: 263 | IM11: 283 | IN11: 982 | IO11: 691 | IP11: 541 | IQ11: 532 | IR11: 670 | IS11: 128 | IT11: 79 | IU11: 476 | IV11: 623 | IW11: 1076 | IX11: 210 | IY11: 990 | IZ11: 180 | JA11: 169 | JB11: 376 | JC11: 612 | JD11: 804 | JE11: 769 | JF11: 988 | JG11: 503 | JH11: 174 | JI11: 215 | JJ11: 729 | JK11: 1098 | JL11: 663 | JM11: 1007 | JN11: 632 | JO11: 342 | JP11: 507 | JQ11: 456 | JR11: 459 | JS11: 226 | JT11: 827 | JU11: 255 | JV11: 316 | JW11: 760 | JX11: 907 | JY11: 520 | JZ11: 1406 | KA11: 685 | KB11: 820 | KC11: 161 | KD11: 99 | KE11: 558 | KF11: 990 | KG11: 609 | KH11: 1074 | KI11: 361 | KJ11: 293 | KK11: 981 | KL11: 903 | KM11: 699 | KN11: 867 | KO11: 814 | KP11: 677 | KQ11: 885 | KR11: 728 | KS11: 658 | KT11: 836 | KU11: 1040 | KV11: 1190 | KW11: 937 | KX11: 752 | KY11: 1174 | KZ11: 1351 | LA11: 1054 | LB11: 379 | LC11: 1172 | LD11: 784 | LE11: 721 | LF11: 1154 | LG11: 1219 | LH11: 138 | LI11: 78 | LJ11: 1401 | LK11: 899 | LL11: 399 | LM11: 825 | LN11: 1055 | LO11: 1057 | LP11: 456 | LQ11: 1216 | LR11: 498 | LS11: 199 | LT11: 673 | LU11: 790 | LV11: 1044 | LW11: 659 | LX11: 774 | LY11: 834 | LZ11: 1026 | MA11: 968 | MB11: 797 | MC11: 623 | MD11: 530 | ME11: 449 | MF11: 99 | MG11: 224 | MH11: 430 | MI11: 903 | MJ11: 1008 | MK11: 960 | ML11: 916 | MM11: 468 | MN11: 823 | MO11: 564 | MP11: 685 | MQ11: 420 | MR11: 205 | MS11: 596 | MT11: 830 | MU11: 891 | MV11: 1055 | MW11: 719 | MX11: 874 | MY11: 933 | MZ11: 624 | NA11: =IF(TODAY()<=NA2,NA45,NA49) -> 0 | NB11: =IF(TODAY()<=NB2,NB45,NB49) -> 0 | NC11: =IF(TODAY()<=NC2,NC45,NC49) -> 0
A13: Warehouse
A14: WH capacity (100% Capacity) | B14: 18057 | C14: 17945 | D14: 17945 | E14: 17945 | F14: 17945 | G14: 17945 | H14: 17945 | I14: 17945 | J14: 17945 | K14: 17945 | L14: 17945 | M14: 17945 | N14: 17945 | O14: 17945 | P14: 17945 | Q14: 17945 | R14: 17945 | S14: 17945 | T14: 17945 | U14: 17945 | V14: 17945 | W14: 17945 | X14: 17945 | Y14: 17945 | Z14: 17945 | AA14: 17945 | AB14: 17945 | AC14: 17945 | AD14: 17945 | AE14: 17945 | AF14: 17945 | AG14: 17945 | AH14: 17945 | AI14: 17945 | AJ14: 17945 | AK14: 17945 | AL14: 17945 | AM14: 17945 | AN14: 17945 | AO14: 17945 | AP14: 17945 | AQ14: 17945 | AR14: 17945 | AS14: 17945 | AT14: 17945 | AU14: 17945 | AV14: 17945 | AW14: 17945 | AX14: 17945 | AY14: 17945 | AZ14: 17945 | BA14: 17945 | BB14: 17945 | BC14: 17945 | BD14: 17945 | BE14: 17945 | BF14: 17945 | BG14: 17945 | BH14: 17945 | BI14: 17945 | BJ14: 18057 | BK14: 18057 | BL14: 18057 | BM14: 18057 | BN14: 18057 | BO14: 18057 | BP14: 18057 | BQ14: 18057 | BR14: 18057 | BS14: 18057 | BT14: 18057 | BU14: 18057 | BV14: 18057 | BW14: 18057 | BX14: 18057 | BY14: 18057 | BZ14: 18057 | CA14: 18057 | CB14: 18057 | CC14: 18057 | CD14: 18057 | CE14: 18057 | CF14: 18057 | CG14: 18057 | CH14: 18057 | CI14: 18057 | CJ14: 18057 | CK14: 18057 | CL14: 18057 | CM14: 18057 | CN14: 18057 | CO14: 18057 | CP14: 18057 | CQ14: 18057 | CR14: 18057 | CS14: 18057 | CT14: 18057 | CU14: 18057 | CV14: 18057 | CW14: 18057 | CX14: 18057 | CY14: 18057 | CZ14: 18057 | DA14: 18057 | DB14: 18057 | DC14: 18057 | DD14: 18057 | DE14: 18057 | DF14: 18057 | DG14: 18057 | DH14: 18057 | DI14: 18057 | DJ14: 18057 | DK14: 18057 | DL14: 18057 | DM14: 18057 | DN14: 18057 | DO14: 18057 | DP14: 18057 | DQ14: 18057 | DR14: 18057 | DS14: 18057 | DT14: 18057 | DU14: 18057 | DV14: 18057 | DW14: 18057 | DX14: 18057 | DY14: 18057 | DZ14: 18057 | EA14: 18057 | EB14: 18057 | EC14: 18057 | ED14: 18057 | EE14: 18057 | EF14: 18057 | EG14: 18057 | EH14: 18057 | EI14: 18057 | EJ14: 18057 | EK14: 18057 | EL14: 18057 | EM14: 18057 | EN14: 18057 | EO14: 18057 | EP14: 18057 | EQ14: 18057 | ER14: 18057 | ES14: 18057 | ET14: 18057 | EU14: 18057 | EV14: 18057 | EW14: 18057 | EX14: 18057 | EY14: 18057 | EZ14: 18057 | FA14: 18057 | FB14: 18057 | FC14: 18057 | FD14: 18057 | FE14: 18057 | FF14: 18057 | FG14: 18057 | FH14: 18057 | FI14: 18057 | FJ14: 18057 | FK14: 18057 | FL14: 18057 | FM14: 18057 | FN14: 18057 | FO14: 18057 | FP14: 18057 | FQ14: 18057 | FR14: 18057 | FS14: 18057 | FT14: 18057 | FU14: 18057 | FV14: 18057 | FW14: 18057 | FX14: 18057 | FY14: 18057 | FZ14: 18057 | GA14: 18057 | GB14: 18057 | GC14: 18057 | GD14: 18057 | GE14: 18057 | GF14: 18057 | GG14: 18057 | GH14: 18057 | GI14: 18057 | GJ14: 18057 | GK14: 18057 | GL14: 18057 | GM14: 18057 | GN14: 18057 | GO14: 18057 | GP14: 18057 | GQ14: 18057 | GR14: 18057 | GS14: 18057 | GT14: 18057 | GU14: 18057 | GV14: 18057 | GW14: 18057 | GX14: 18057 | GY14: 18057 | GZ14: 18057 | HA14: 18057 | HB14: 18057 | HC14: 18057 | HD14: 18057 | HE14: 18057 | HF14: 18057 | HG14: 18057 | HH14: 18057 | HI14: 18057 | HJ14: 18057 | HK14: 18057 | HL14: 18057 | HM14: 18057 | HN14: 18057 | HO14: 18057 | HP14: 18057 | HQ14: 18057 | HR14: 18057 | HS14: 18057 | HT14: 18057 | HU14: 18057 | HV14: 18057 | HW14: 18057 | HX14: 18057 | HY14: 18057 | HZ14: 18057 | IA14: 18057 | IB14: 18057 | IC14: 18057 | ID14: 18057 | IE14: 18057 | IF14: 18057 | IG14: 18057 | IH14: 18057 | II14: 18057 | IJ14: 18057 | IK14: 18057 | IL14: 18057 | IM14: 18057 | IN14: 18057 | IO14: 18057 | IP14: 18057 | IQ14: 18057 | IR14: 18057 | IS14: 18057 | IT14: 18057 | IU14: 18057 | IV14: 18057 | IW14: 18057 | IX14: 18057 | IY14: 18057 | IZ14: 17257 | JA14: 17257 | JB14: 17257 | JC14: 17257 | JD14: 17257 | JE14: 17257 | JF14: 17257 | JG14: 17257 | JH14: 17257 | JI14: 17257 | JJ14: 17257 | JK14: 17257 | JL14: 17257 | JM14: 17257 | JN14: 17257 | JO14: 17257 | JP14: 17257 | JQ14: 17257 | JR14: 17257 | JS14: 17657 | JT14: 17657 | JU14: 17657 | JV14: 17657 | JW14: 18057 | JX14: 18057 | JY14: 18057 | JZ14: 18057 | KA14: 18057 | KB14: 18057 | KC14: 18057 | KD14: 18057 | KE14: 18057 | KF14: 18057 | KG14: 18057 | KH14: 18057 | KI14: 18057 | KJ14: 18057 | KK14: 18057 | KL14: 18057 | KM14: 18057 | KN14: 18057 | KO14: 18057 | KP14: 18057 | KQ14: 18057 | KR14: 18057 | KS14: 18057 | KT14: 18057 | KU14: 18057 | KV14: 18057 | KW14: 18057 | KX14: 18057 | KY14: 18057 | KZ14: 18057 | LA14: 18057 | LB14: 18057 | LC14: 18057 | LD14: 18057 | LE14: 18057 | LF14: 18057 | LG14: 18057 | LH14: 18057 | LI14: 18057 | LJ14: 18057 | LK14: 18057 | LL14: 18057 | LM14: 18057 | LN14: 18057 | LO14: 18057 | LP14: 18057 | LQ14: 18057 | LR14: 18057 | LS14: 18057 | LT14: 18057 | LU14: 18057 | LV14: 18057 | LW14: 18057 | LX14: 18057 | LY14: 18057 | LZ14: 18057 | MA14: 18057 | MB14: 18057 | MC14: 22068 | MD14: 22068 | ME14: 22068 | MF14: 22068 | MG14: 22068 | MH14: 22068 | MI14: 22068 | MJ14: 22068 | MK14: 22068 | ML14: 22068 | MM14: 22068 | MN14: 22068 | MO14: 22068 | MP14: 22068 | MQ14: 22068 | MR14: 22068 | MS14: 22068 | MT14: 22068 | MU14: 22068 | MV14: 22068 | MW14: 22068 | MX14: 22068 | MY14: 22068 | MZ14: 22068 | NA14: 22068 | NB14: 22068 | NC14: 22068
A15: Begin Inventory | C15: 13237 | D15: 11492 | E15: 10827 | F15: 12832 | G15: 14467 | H15: 15669 | I15: 16663 | J15: 17210 | K15: 17436 | L15: 15879 | M15: 14349 | N15: 14048.212 | O15: 13390 | P15: 12783 | Q15: 13505 | R15: 14153 | S15: 15470 | T15: 16519 | U15: 17497 | V15: 17330 | W15: 16830 | X15: 16475 | Y15: 16610 | Z15: 16766 | AA15: 17484 | AB15: 17732 | AC15: 17816 | AD15: 17262 | AE15: 16822 | AF15: 17023 | AG15: 17429 | AH15: 16401 | AI15: 14593 | AJ15: 15142 | AK15: 14593 | AL15: 14682 | AM15: 14851 | AN15: 15313 | AO15: 15434 | AP15: 15951 | AQ15: 16699 | AR15: 17134 | AS15: 16694 | AT15: 16486 | AU15: 17025 | AV15: 17465 | AW15: 15541 | AX15: 16555 | AY15: 16905 | AZ15: 16507 | BA15: 15908 | BB15: 14523 | BC15: 14063 | BD15: 14063 | BE15: 16176 | BF15: 16224 | BG15: 15051 | BH15: 13906 | BI15: 13428 | BJ15: 14415 | BK15: 15774 | BL15: 15975 | BM15: 15907 | BN15: 15250 | BO15: 15205 | BP15: 15660 | BQ15: 16498 | BR15: 17240 | BS15: 16954 | BT15: 16890 | BU15: 17563 | BV15: 17320 | BW15: 17076 | BX15: 16365 | BY15: 16378 | BZ15: 15240 | CA15: 14463 | CB15: 15585 | CC15: 15497 | CD15: 15008 | CE15: 15252 | CF15: 15619 | CG15: 16991 | CH15: 16318 | CI15: 16321 | CJ15: 16405 | CK15: 17510 | CL15: 16787 | CM15: 17361 | CN15: 17285 | CO15: 16816 | CP15: 16771 | CQ15: 17522 | CR15: 16964 | CS15: 17168 | CT15: 16458 | CU15: 16168 | CV15: 16146 | CW15: 16155 | CX15: 16135 | CY15: 16346 | CZ15: 17067 | DA15: 17205 | DB15: 17286 | DC15: 16549 | DD15: 16162 | DE15: 16221 | DF15: 15951 | DG15: 16567 | DH15: 17558 | DI15: 17656 | DJ15: 17217 | DK15: 17247 | DL15: 17373 | DM15: 17202 | DN15: 16900 | DO15: 16834 | DP15: 17245 | DQ15: 16826 | DR15: 16118 | DS15: 17236 | DT15: 15845 | DU15: 14285 | DV15: 15523 | DW15: 16680 | DX15: 17822 | DY15: 17243 | DZ15: 17615 | EA15: 17112 | EB15: 16285 | EC15: 14914 | ED15: 15066 | EE15: 14020 | EF15: 14136 | EG15: 14119 | EH15: 14921 | EI15: 15514 | EJ15: 17147 | EK15: 16414 | EL15: 17316 | EM15: 17021 | EN15: 16068 | EO15: 15358 | EP15: 14594 | EQ15: 15578 | ER15: 16183 | ES15: 16181 | ET15: 16943 | EU15: 17786 | EV15: 17722 | EW15: 16696 | EX15: 17210 | EY15: 17295 | EZ15: 17406 | FA15: 15786 | FB15: 14587 | FC15: 14099 | FD15: 14834 | FE15: 15255 | FF15: 15218 | FG15: 15528 | FH15: 15982 | FI15: 16890 | FJ15: 17357 | FK15: 16758 | FL15: 16998 | FM15: 17109 | FN15: 16341 | FO15: 15154 | FP15: 14556 | FQ15: 14251 | FR15: 14584 | FS15: 16777 | FT15: 16769 | FU15: 16136 | FV15: 15669 | FW15: 15919 | FX15: 17151 | FY15: 17092 | FZ15: 17696 | GA15: 16529 | GB15: 14349 | GC15: 15704 | GD15: 17112 | GE15: 17240 | GF15: 16389 | GG15: 17020 | GH15: 17554 | GI15: 18283 | GJ15: 18530 | GK15: 17746 | GL15: 16137 | GM15: 16330 | GN15: 16599 | GO15: 18207 | GP15: 17621 | GQ15: 17408 | GR15: 16982 | GS15: 15848 | GT15: 14939 | GU15: 15866 | GV15: 15436 | GW15: 15233 | GX15: 15140 | GY15: 14583 | GZ15: 14077 | HA15: 14010 | HB15: 14924 | HC15: 16038 | HD15: 16851 | HE15: 17147 | HF15: 16738 | HG15: 16337 | HH15: 17011 | HI15: 17163 | HJ15: 17123 | HK15: 17817 | HL15: 17719 | HM15: 16741 | HN15: 14961 | HO15: 14268 | HP15: 14813 | HQ15: 14749 | HR15: 13830 | HS15: 12591 | HT15: 12164 | HU15: 12409 | HV15: 12940 | HW15: 12472 | HX15: 12599 | HY15: 13189 | HZ15: 13939 | IA15: 15205 | IB15: 15094 | IC15: 15098 | ID15: 16364 | IE15: 16777 | IF15: 15879 | IG15: 16645 | IH15: 16161 | II15: 15649 | IJ15: 14867 | IK15: 14283 | IL15: 14729 | IM15: 16568 | IN15: 16813 | IO15: 15660 | IP15: 15597 | IQ15: 15951 | IR15: 15638 | IS15: 14013 | IT15: 13894 | IU15: 15016 | IV15: 17143 | IW15: 17206 | IX15: 17328 | IY15: 16577 | IZ15: 15737 | JA15: 15782 | JB15: 15741 | JC15: 14470 | JD15: 14209 | JE15: 15010 | JF15: 16049 | JG15: 16126 | JH15: 16136 | JI15: 16445 | JJ15: 15276 | JK15: 14759 | JL15: 15034 | JM15: 15286 | JN15: 15103 | JO15: 15222 | JP15: 15035 | JQ15: 16006 | JR15: 15779 | JS15: 14603 | JT15: 14524 | JU15: 14772 | JV15: 16259 | JW15: 15962 | JX15: 17162 | JY15: 16701 | JZ15: 16855 | KA15: 17309 | KB15: 15027 | KC15: 12532 | KD15: 11688 | KE15: 12587 | KF15: 14527 | KG15: 13595 | KH15: 14733 | KI15: 15945 | KJ15: 16594 | KK15: 17335 | KL15: 17285 | KM15: 15755 | KN15: 15552 | KO15: 16254 | KP15: 17473 | KQ15: 16912 | KR15: 16713 | KS15: 17245 | KT15: 17154 | KU15: 15994 | KV15: 17287 | KW15: 17244 | KX15: 16232 | KY15: 16151 | KZ15: 16750 | LA15: 15319 | LB15: 13983 | LC15: 15671 | LD15: 15849 | LE15: 15858 | LF15: 15867 | LG15: 16035 | LH15: 15852 | LI15: 15652 | LJ15: 15709.59 | LK15: 14262.66 | LL15: 13288.146 | LM15: 14488.937 | LN15: 15090.235 | LO15: 15283.445 | LP15: 15565 | LQ15: 16302 | LR15: 15843.212 | LS15: 14907.859 | LT15: 14830.214 | LU15: 15590.414 | LV15: 15236.497 | LW15: 15007.173 | LX15: 15845 | LY15: 16421.036 | LZ15: 15406.232 | MA15: 15027.035 | MB15: 16040.033 | MC15: 19847.959 | MD15: 14723.678 | ME15: 17113.734 | MF15: 14084.46 | MG15: 16588.516 | MH15: 17365.309 | MI15: 17199.799 | MJ15: 16334.734 | MK15: 15015.067 | ML15: 15015.067 | MM15: 14068.35 | MN15: 12975.984 | MO15: 13905.047 | MP15: 14478.815 | MQ15: 14236.067 | MR15: 12159.468 | MS15: 11274.541 | MT15: 12086.644 | MU15: 12004.992 | MV15: 12483.868 | MW15: 13073.083 | MX15: 13108 | MY15: 15005 | MZ15: 14591.362 | NA15: =22068*73.56% -> 16233.221 | NB15: =SUMIFS('[1]Inv-SCP'!$V:$V,'[1]Inv-SCP'!$B:$B,'Demand vs Supply forecast'!NB$2,'[1]Inv-SCP'!$J:$J,7101) -> 0 | NC15: =SUMIFS('[1]Inv-SCP'!$V:$V,'[1]Inv-SCP'!$B:$B,'Demand vs Supply forecast'!NC$2,'[1]Inv-SCP'!$J:$J,7101) -> 0
A16: Ending inventory | B16: 13237 | C16: 11492 | D16: 10827 | E16: 12832 | F16: 14467 | G16: 15669 | H16: 16663 | I16: 17210 | J16: 17436 | K16: 15879 | L16: 14349 | M16: 14048.212 | N16: 13390 | O16: 12783 | P16: 13505 | Q16: 14153 | R16: 15470 | S16: 16519 | T16: 17497 | U16: 17330 | V16: 16830 | W16: 16475 | X16: 16610 | Y16: 16766 | Z16: 17484 | AA16: 17732 | AB16: 17816 | AC16: 17262 | AD16: 16822 | AE16: 17023 | AF16: 17429 | AG16: 16401 | AH16: 14593 | AI16: 15142 | AJ16: 14593 | AK16: 14682 | AL16: 14851 | AM16: 15313 | AN16: 15434 | AO16: 15951 | AP16: 16699 | AQ16: 17134 | AR16: 16694 | AS16: 16486 | AT16: 17025 | AU16: 17465 | AV16: 15541 | AW16: 16555 | AX16: 16905 | AY16: 16507 | AZ16: 15908 | BA16: 14523 | BB16: 14063 | BC16: 14063 | BD16: 16176 | BE16: 16224 | BF16: 15051 | BG16: 13906 | BH16: 13428 | BI16: 14415 | BJ16: 15774 | BK16: 15975 | BL16: 15907 | BM16: 15250 | BN16: 15205 | BO16: 15660 | BP16: 16498 | BQ16: 17240 | BR16: 16954 | BS16: 16890 | BT16: 17563 | BU16: 17320 | BV16: 16506 | BW16: 16365 | BX16: 16378 | BY16: 15240 | BZ16: 14463 | CA16: 15585 | CB16: 15497 | CC16: 15008 | CD16: 15252 | CE16: 15619 | CF16: 16991 | CG16: 16318 | CH16: 16321 | CI16: 16405 | CJ16: 17510 | CK16: 16787 | CL16: 16878.86 | CM16: 17541 | CN16: 16816 | CO16: 16169.056 | CP16: 17522 | CQ16: 16964 | CR16: 17168 | CS16: 16458 | CT16: 16168 | CU16: 16146 | CV16: 16155 | CW16: 16135 | CX16: 16346 | CY16: 13641 | CZ16: 16272.08 | DA16: 17286 | DB16: 16549 | DC16: 16162 | DD16: 16221 | DE16: 15951 | DF16: 16567 | DG16: 17558 | DH16: 17656 | DI16: 17217 | DJ16: 17247 | DK16: 17373 | DL16: 17202 | DM16: 16900 | DN16: 16834 | DO16: 17245 | DP16: 16826 | DQ16: 16118 | DR16: 17236 | DS16: 15845 | DT16: 14285 | DU16: 15523 | DV16: 16680 | DW16: 17822 | DX16: 17243 | DY16: 17615 | DZ16: 17112 | EA16: 16285 | EB16: 14914 | EC16: 15066 | ED16: 14020 | EE16: 14136 | EF16: 14119 | EG16: 14921 | EH16: 15514 | EI16: 17147 | EJ16: 16414 | EK16: 17316 | EL16: 17021 | EM16: 16068 | EN16: 15358 | EO16: 14594 | EP16: 15578 | EQ16: 16183 | ER16: 16181 | ES16: 16943 | ET16: 17786 | EU16: 17722 | EV16: 16696 | EW16: 17210 | EX16: 17295 | EY16: 17406 | EZ16: 15786 | FA16: 14587 | FB16: 14099 | FC16: 14834 | FD16: 15255 | FE16: 15218 | FF16: 15528 | FG16: 15982 | FH16: 16890 | FI16: 17357 | FJ16: 16758 | FK16: 16998 | FL16: 17109 | FM16: 16341 | FN16: 15154 | FO16: 14556 | FP16: 14251 | FQ16: 14584 | FR16: 16777 | FS16: 16769 | FT16: 16136 | FU16: 15669 | FV16: 15919 | FW16: 17151 | FX16: 17092 | FY16: 17696 | FZ16: 16529 | GA16: 14349 | GB16: 15704 | GC16: 17112 | GD16: 17240 | GE16: 16389 | GF16: 17020 | GG16: 17554 | GH16: 18283 | GI16: 18530 | GJ16: 17746 | GK16: 16137 | GL16: 16330 | GM16: 16599 | GN16: 18207 | GO16: 17621 | GP16: 17408 | GQ16: 16982 | GR16: 15848 | GS16: 14939 | GT16: 15866 | GU16: 15436 | GV16: 15233 | GW16: 15140 | GX16: 14583 | GY16: 14077 | GZ16: 14010 | HA16: 14924 | HB16: 16038 | HC16: 16851 | HD16: 17147 | HE16: 16738 | HF16: 16337 | HG16: 17011 | HH16: 17163 | HI16: 17123 | HJ16: 17817 | HK16: 17719 | HL16: 16741 | HM16: 14961 | HN16: 14268 | HO16: 14813 | HP16: 14749 | HQ16: 13830 | HR16: 12591 | HS16: 12164 | HT16: 12409 | HU16: 12940 | HV16: 12472 | HW16: 12599 | HX16: 13189 | HY16: 13939 | HZ16: 15205 | IA16: 15094 | IB16: 15098 | IC16: 16364 | ID16: 16777 | IE16: 15879 | IF16: 16645 | IG16: 16161 | IH16: 15649 | II16: 14867 | IJ16: 14283 | IK16: 14729 | IL16: 16568 | IM16: 16813 | IN16: 15660 | IO16: 15597 | IP16: 15951 | IQ16: 15638 | IR16: 14013 | IS16: 13894 | IT16: 15016 | IU16: 17143 | IV16: 17206 | IW16: 17328 | IX16: 16577 | IY16: 15737 | IZ16: 15782 | JA16: 15741 | JB16: 14470 | JC16: 14209 | JD16: 15010 | JE16: 16049 | JF16: 16126 | JG16: 16136 | JH16: 16445 | JI16: 15276 | JJ16: 14759 | JK16: 15034 | JL16: 15286 | JM16: 15103 | JN16: 15222 | JO16: 15035 | JP16: 16182 | JQ16: 16071 | JR16: 14603 | JS16: 13763 | JT16: 14772 | JU16: 16259 | JV16: 15962 | JW16: 17162 | JX16: 16701 | JY16: 16855 | JZ16: 17309 | KA16: 15027 | KB16: 12532 | KC16: 11688 | KD16: 12587 | KE16: 14527 | KF16: 13595 | KG16: 14733 | KH16: 15945 | KI16: 16594 | KJ16: 17335 | KK16: 17285 | KL16: 15755 | KM16: 15552 | KN16: 16254 | KO16: 17473 | KP16: 16912 | KQ16: 16713 | KR16: 17245 | KS16: 17154 | KT16: 15994 | KU16: 17233 | KV16: 17244 | KW16: 16232 | KX16: 16151 | KY16: 16750 | KZ16: 15319 | LA16: 13983 | LB16: 15671 | LC16: 15849 | LD16: 15858 | LE16: 15867 | LF16: 16035 | LG16: 15852 | LH16: 15652 | LI16: 14912 | LJ16: 14262.66 | LK16: 13288.146 | LL16: 14488.937 | LM16: 15090.235 | LN16: 15283.445 | LO16: 15565 | LP16: 16302 | LQ16: 15843.212 | LR16: 14907.859 | LS16: 14830.214 | LT16: 15590.414 | LU16: 15236.497 | LV16: 15007.173 | LW16: 15845 | LX16: 16421.036 | LY16: 15406.232 | LZ16: 15027.035 | MA16: 16040.033 | MB16: 19847.959 | MC16: 14723.678 | MD16: 14003.203 | ME16: 14084.46 | MF16: 16588.516 | MG16: 17365.309 | MH16: 17199.799 | MI16: 16334.734 | MJ16: 15015.067 | MK16: 15015.067 | ML16: 14068.35 | MM16: 12975.984 | MN16: 13905.047 | MO16: 14478.815 | MP16: 14236.067 | MQ16: 12159.468 | MR16: 11274.541 | MS16: 12086.644 | MT16: 12004.992 | MU16: 12483.868 | MV16: 13073.083 | MW16: 13108 | MX16: 13945 | MY16: 16233.221 | MZ16: 16233.221 | NA16: =IF(NB15>0,NB15,MZ16+SUM(NA6:NA8)-SUM(NA10:NA12)) -> 16133.221 | NB16: =IF(NC15>0,NC15,NA16+SUM(NB6:NB8)-SUM(NB10:NB12)) -> 16133.221 | NC16: =IF(ND15>0,ND15,NB16+SUM(NC6:NC8)-SUM(NC10:NC12)) -> 16133.221
A17: WH utilization Begin day (Max 77.06%) | CO17: 0.93127319 | CP17: 0.92878108 | CQ17: 0.9703716 | CR17: 0.93946946 | CS17: 0.95076702 | CT17: 0.91144708 | CU17: 0.89538683 | CV17: 0.89416847 | CW17: 0.89466689 | CX17: 0.89355928 | CY17: 0.9052445 | CZ17: 0.94517362 | DA17: 0.95281608 | DB17: 0.95730188 | DC17: 0.91648668 | DD17: 0.89505455 | DE17: 0.89832198 | DF17: 0.88336933 | DG17: 0.91748352 | DH17: 0.97236529 | DI17: 0.97779255 | DJ17: 0.95348064 | DK17: 0.95514205 | DL17: 0.96211995 | DM17: 0.95264994 | DN17: 0.93592513 | DO17: 0.93227003 | DP17: 0.95503129 | DQ17: 0.93182699 | DR17: 0.89261782 | DS17: 0.95453287 | DT17: 0.87749903 | DU17: 0.79110594 | DV17: 0.85966661 | DW17: 0.92374149 | DX17: 0.98698566 | DY17: 0.95492053 | DZ17: 0.97552196 | EA17: 0.94766573 | EB17: 0.90186631 | EC17: 0.82594008 | ED17: 0.83435787 | EE17: 0.77643019 | EF17: 0.78285429 | EG17: 0.78191283 | EH17: 0.82632774 | EI17: 0.85916819 | EJ17: 0.94960403 | EK17: 0.90901036 | EL17: 0.95896328 | EM17: 0.94262613 | EN17: 0.88984881 | EO17: 0.85052888 | EP17: 0.80821842 | EQ17: 0.86271252 | ER17: 0.89621753 | ES17: 0.89610677 | ET17: 0.93830647 | EU17: 0.98499197 | EV17: 0.98144764 | EW17: 0.92462757 | EX17: 0.95309298 | EY17: 0.9578003 | EZ17: 0.9639475 | FA17: 0.8742316 | FB17: 0.80783076 | FC17: 0.78080523 | FD17: 0.82150966 | FE17: 0.84482472 | FF17: 0.84277565 | FG17: 0.85994351 | FH17: 0.88508612 | FI17: 0.93537132 | FJ17: 0.96123387 | FK17: 0.92806114 | FL17: 0.94135238 | FM17: 0.94749958 | FN17: 0.9049676 | FO17: 0.83923132 | FP17: 0.80611397 | FQ17: 0.78922302 | FR17: 0.80766462 | FS17: 0.92911336 | FT17: 0.92867032 | FU17: 0.89361466 | FV17: 0.86775212 | FW17: 0.88159716 | FX17: 0.94982555 | FY17: 0.94655812 | FZ17: 0.98000775 | GA17: 0.91537908 | GB17: 0.79465027 | GC17: 0.86969042 | GD17: 0.94766573 | GE17: 0.95475439 | GF17: 0.90762585 | GG17: 0.94257075 | GH17: 0.97214377 | GI17: 1.0125159 | GJ17: 1.0261948 | GK17: 0.98277676 | GL17: 0.89367004 | GM17: 0.90435842 | GN17: 0.91925569 | GO17: 1.008307 | GP17: 0.97585424 | GQ17: 0.96405826 | GR17: 0.9404663 | GS17: 0.87766517 | GT17: 0.82732458 | GU17: 0.87866201 | GV17: 0.85484854 | GW17: 0.84360636 | GX17: 0.838456 | GY17: 0.80760924 | GZ17: 0.77958686 | HA17: 0.77587639 | HB17: 0.82649388 | HC17: 0.88818741 | HD17: 0.9332115 | HE17: 0.94960403 | HF17: 0.92695354 | HG17: 0.90474608 | HH17: 0.94207233 | HI17: 0.95049011 | HJ17: 0.94827491 | HK17: 0.98670876 | HL17: 0.9812815 | HM17: 0.92711968 | HN17: 0.82854295 | HO17: 0.79016448 | HP17: 0.82034668 | HQ17: 0.81680235 | HR17: 0.76590796 | HS17: 0.69729191 | HT17: 0.67364457 | HU17: 0.68721272 | HV17: 0.71661959 | HW17: 0.69070167 | HX17: 0.69773495 | HY17: 0.73040926 | HZ17: 0.7719444 | IA17: 0.84205571 | IB17: 0.83590851 | IC17: 0.83613003 | ID17: 0.90624135 | IE17: 0.92911336 | IF17: 0.87938196 | IG17: 0.92180318 | IH17: 0.89499917 | II17: 0.86664451 | IJ17: 0.82333721 | IK17: 0.79099518 | IL17: 0.81569474 | IM17: 0.9175389 | IN17: 0.93110705 | IO17: 0.8672537 | IP17: 0.86376474 | IQ17: 0.88336933 | IR17: 0.86603533 | IS17: 0.77604253 | IT17: 0.76945229 | IU17: 0.83158886 | IV17: 0.94938251 | IW17: 0.95287146 | IX17: 0.95962785 | IY17: 0.91803733 | IZ17: 0.9119198 | JA17: 0.91452744 | JB17: 0.91215159 | JC17: 0.83850032 | JD17: 0.82337602 | JE17: 0.86979197 | JF17: 0.92999942 | JG17: 0.93446138 | JH17: 0.93504085 | JI17: 0.95294663 | JJ17: 0.885206 | JK17: 0.85524715 | JL17: 0.87118271 | JM17: 0.88578548 | JN17: 0.87518109 | JO17: 0.88207684 | JP17: 0.87124066 | JQ17: 0.92750768 | JR17: 0.9143536 | JS17: 0.82703744 | JT17: 0.82256329 | JU17: 0.83660871 | JV17: 0.9208246 | JW17: 0.88397851 | JX17: 0.95043473 | JY17: 0.92490447 | JZ17: 0.93343302 | KA17: 0.95857562 | KB17: 0.83219804 | KC17: 0.69402448 | KD17: 0.6472836 | KE17: 0.69707039 | KF17: 0.80450795 | KG17: 0.75289361 | KH17: 0.81591627 | KI17: 0.88303705 | KJ17: 0.91897879 | KK17: 0.96001551 | KL17: 0.9572465 | KM17: 0.87251481 | KN17: 0.86127264 | KO17: 0.90014953 | KP17: 0.96765797 | KQ17: 0.93658969 | KR17: 0.92556903 | KS17: =IF(KS15>0,KS15/KS14,KR16/KS14) -> 0.95503129 | KT17: 0.94999169 | KU17: 0.88575068 | KV17: 0.95735726 | KW17: 0.95497591 | KX17: 0.89893116 | KY17: 0.89444537 | KZ17: 0.9276181 | LA17: 0.84836905 | LB17: 0.77438113 | LC17: 0.86786288 | LD17: 0.87772055 | LE17: 0.87821897 | LF17: 0.87871739 | LG17: 0.88802127 | LH17: 0.87788669 | LI17: 0.86681066 | LJ17: 0.87 | LK17: 0.78986875 | LL17: 0.7359 | LM17: 0.8024 | LN17: 0.8357 | LO17: 0.8464 | LP17: 0.86199258 | LQ17: 0.90280778 | LR17: 0.8774 | LS17: 0.8256 | LT17: 0.8213 | LU17: 0.8634 | LV17: 0.8438 | LW17: 0.8311 | LX17: 0.87749903 | LY17: 0.9094 | LZ17: 0.8532 | MA17: 0.8322 | MB17: 0.8883 | MC17: 0.8994 | MD17: 0.66719584 | ME17: 0.7755 | MF17: 0.63823002 | MG17: 0.7517 | MH17: 0.7869 | MI17: 0.7794 | MJ17: 0.7402 | MK17: 0.6804 | ML17: 0.6804 | MM17: 0.6375 | MN17: 0.588 | MO17: 0.6301 | MP17: 0.6561 | MQ17: 0.6451 | MR17: 0.551 | MS17: 0.5109 | MT17: 0.5477 | MU17: 0.544 | MV17: 0.5657 | MW17: 0.5924 | MX17: 0.59398224 | MY17: 0.67994381 | MZ17: 0.6612 | NA17: =IF(NA15>0,NA15/NA14,MZ16/NA14) -> 0.7356 | NB17: =IF(NB15>0,NB15/NB14,NA16/NB14) -> 0.73106855 | NC17: =IF(NC15>0,NC15/NC14,NB16/NC14) -> 0.73106855
A18: WH utilization End day | B18: 0.73306751 | C18: 0.64040123 | D18: 0.60334355 | E18: 0.71507384 | F18: 0.80618557 | G18: 0.87316801 | H18: 0.92855949 | I18: 0.95904152 | J18: 0.97163555 | K18: 0.88487044 | L18: 0.79960992 | M18: 0.78284829 | N18: 0.74616885 | O18: 0.71234327 | P18: 0.75257732 | Q18: 0.78868766 | R18: 0.86207857 | S18: 0.92053497 | T18: 0.97503483 | U18: 0.96572862 | V18: 0.9378657 | W18: 0.91808303 | X18: 0.85 | Y18: 0.93429925 | Z18: 0.97431039 | AA18: 0.9881304 | AB18: 0.99281137 | AC18: 0.96193926 | AD18: 0.82908888 | AE18: 0.82173307 | AF18: 0.83783784 | AG18: 0.85979381 | AH18: 0.74494288 | AI18: 0.74494288 | AJ18: 0.73914739 | AK18: 0.81816662 | AL18: 0.82758429 | AM18: 0.85332962 | AN18: 0.86007244 | AO18: 0.8888827 | AP18: 0.93056562 | AQ18: 0.95480635 | AR18: 0.93028699 | AS18: 0.91869602 | AT18: 0.94873224 | AU18: 0.9732516 | AV18: 0.86603511 | AW18: 0.9225411 | AX18: 0.94204514 | AY18: 0.91986626 | AZ18: 0.88648649 | BA18: 0.80930621 | BB18: 0.66124269 | BC18: 0.78367233 | BD18: 0.90142101 | BE18: 0.90409585 | BF18: 0.83872945 | BG18: 0.77492338 | BH18: 0.74828643 | BI18: 0.80328782 | BJ18: 0.87356704 | BK18: 0.88469845 | BL18: 0.8809326 | BM18: 0.84454782 | BN18: 0.84205571 | BO18: 0.8672537 | BP18: 0.91366229 | BQ18: 0.95475439 | BR18: 0.93891566 | BS18: 0.93537132 | BT18: 0.97264219 | BU18: 0.9591848 | BV18: 0.91410533 | BW18: 0.90629673 | BX18: 0.90701667 | BY18: 0.84399402 | BZ18: 0.80096362 | CA18: 0.86310018 | CB18: 0.85822673 | CC18: 0.83114582 | CD18: 0.84465858 | CE18: 0.86498311 | CF18: 0.94096472 | CG18: 0.90369386 | CH18: 0.90386 | CI18: 0.90851193 | CJ18: 0.96970704 | CK18: 0.92966717 | CL18: 0.93475441 | CM18: 0.97142382 | CN18: 0.93127319 | CO18: 0.89544533 | CP18: 0.9703716 | CQ18: 0.93946946 | CR18: 0.95076702 | CS18: 0.91144708 | CT18: 0.89538683 | CU18: 0.89416847 | CV18: 0.89466689 | CW18: 0.89355928 | CX18: 0.9052445 | CY18: 0.7554411 | CZ18: 0.90115081 | DA18: 0.95730188 | DB18: 0.91648668 | DC18: 0.89505455 | DD18: 0.89832198 | DE18: 0.88336933 | DF18: 0.91748352 | DG18: 0.97236529 | DH18: 0.97779255 | DI18: 0.95348064 | DJ18: 0.95514205 | DK18: 0.96211995 | DL18: 0.95264994 | DM18: 0.93592513 | DN18: 0.93227003 | DO18: 0.95503129 | DP18: 0.93182699 | DQ18: 0.89261782 | DR18: 0.95453287 | DS18: 0.87749903 | DT18: 0.79110594 | DU18: 0.85966661 | DV18: 0.92374149 | DW18: 0.98698566 | DX18: 0.95492053 | DY18: 0.97552196 | DZ18: 0.94766573 | EA18: 0.90186631 | EB18: 0.82594008 | EC18: 0.83435787 | ED18: 0.77643019 | EE18: 0.78285429 | EF18: 0.78191283 | EG18: 0.82632774 | EH18: 0.85916819 | EI18: 0.94960403 | EJ18: 0.90901036 | EK18: 0.95896328 | EL18: 0.94262613 | EM18: 0.88984881 | EN18: 0.85052888 | EO18: 0.80821842 | EP18: 0.86271252 | EQ18: 0.89621753 | ER18: 0.89610677 | ES18: 0.93830647 | ET18: 0.98499197 | EU18: 0.98144764 | EV18: 0.92462757 | EW18: 0.95309298 | EX18: 0.9578003 | EY18: 0.9639475 | EZ18: 0.8742316 | FA18: 0.80783076 | FB18: 0.78080523 | FC18: 0.82150966 | FD18: 0.84482472 | FE18: 0.84277565 | FF18: 0.85994351 | FG18: 0.88508612 | FH18: 0.93537132 | FI18: 0.96123387 | FJ18: 0.92806114 | FK18: 0.94135238 | FL18: 0.94749958 | FM18: 0.9049676 | FN18: 0.83923132 | FO18: 0.80611397 | FP18: 0.78922302 | FQ18: 0.80766462 | FR18: 0.92911336 | FS18: 0.92867032 | FT18: 0.89361466 | FU18: 0.86775212 | FV18: 0.88159716 | FW18: 0.94982555 | FX18: 0.94655812 | FY18: 0.98000775 | FZ18: 0.91537908 | GA18: 0.79465027 | GB18: 0.86969042 | GC18: 0.94766573 | GD18: 0.95475439 | GE18: 0.90762585 | GF18: 0.94257075 | GG18: 0.97214377 | GH18: 1.0125159 | GI18: 1.0261948 | GJ18: 0.98277676 | GK18: 0.89367004 | GL18: 0.90435842 | GM18: 0.91925569 | GN18: 1.008307 | GO18: 0.97585424 | GP18: 0.96405826 | GQ18: 0.9404663 | GR18: 0.87766517 | GS18: 0.82732458 | GT18: 0.87866201 | GU18: 0.85484854 | GV18: 0.84360636 | GW18: 0.838456 | GX18: 0.80760924 | GY18: 0.77958686 | GZ18: 0.77587639 | HA18: 0.82649388 | HB18: 0.88818741 | HC18: 0.9332115 | HD18: 0.94960403 | HE18: 0.92695354 | HF18: 0.90474608 | HG18: 0.94207233 | HH18: 0.95049011 | HI18: 0.94827491 | HJ18: 0.98670876 | HK18: 0.9812815 | HL18: 0.92711968 | HM18: 0.82854295 | HN18: 0.79016448 | HO18: 0.82034668 | HP18: 0.81680235 | HQ18: 0.76590796 | HR18: 0.69729191 | HS18: 0.67364457 | HT18: 0.68721272 | HU18: 0.71661959 | HV18: 0.69070167 | HW18: 0.69773495 | HX18: 0.73040926 | HY18: 0.7719444 | HZ18: 0.84205571 | IA18: 0.83590851 | IB18: 0.83613003 | IC18: 0.90624135 | ID18: 0.92911336 | IE18: 0.87938196 | IF18: 0.92180318 | IG18: 0.89499917 | IH18: 0.86664451 | II18: 0.82333721 | IJ18: 0.79099518 | IK18: 0.81569474 | IL18: 0.92108324 | IM18: 0.9455059 | IN18: 0.88730132 | IO18: 0.88730132 | IP18: 0.87815767 | IQ18: 0.8080905 | IR18: 0.77604253 | IS18: 0.76945229 | IT18: 0.83158886 | IU18: 0.94938251 | IV18: 0.95287146 | IW18: 0.95962785 | IX18: 0.91803733 | IY18: 0.87151797 | IZ18: 0.91452744 | JA18: 0.91215159 | JB18: 0.83850032 | JC18: 0.82337602 | JD18: 0.86979197 | JE18: 0.92999942 | JF18: 0.93446138 | JG18: 0.93504085 | JH18: 0.95294663 | JI18: 0.885206 | JJ18: 0.85524715 | JK18: 0.87118271 | JL18: 0.88578548 | JM18: 0.87518109 | JN18: 0.88207684 | JO18: 0.87124066 | JP18: 0.93770644 | JQ18: 0.93127427 | JR18: 0.84620734 | JS18: 0.77946424 | JT18: 0.83660871 | JU18: 0.9208246 | JV18: 0.90400408 | JW18: 0.96631799 | JX18: 0.92490447 | JY18: 0.93343302 | JZ18: 0.95857562 | KA18: 0.83219804 | KB18: 0.69402448 | KC18: 0.6472836 | KD18: 0.69707039 | KE18: 0.80450795 | KF18: 0.75289361 | KG18: 0.81591627 | KH18: 0.88303705 | KI18: 0.91897879 | KJ18: 0.96001551 | KK18: 0.9572465 | KL18: 0.86271252 | KM18: 0.86127264 | KN18: 0.90014953 | KO18: 0.96765797 | KP18: 0.93658969 | KQ18: 0.92556903 | KR18: 0.95503129 | KS18: =IFERROR(KS16/KS14,"") -> 0.94999169 | KT18: 0.88575068 | KU18: 0.95436673 | KV18: 0.95497591 | KW18: 0.89893116 | KX18: 0.89444537 | KY18: 0.9276181 | KZ18: 0.84836905 | LA18: 0.77438113 | LB18: 0.86786288 | LC18: 0.87772055 | LD18: 0.87821897 | LE18: 0.87871739 | LF18: 0.88802127 | LG18: 0.87788669 | LH18: 0.86681066 | LI18: 0.82582932 | LJ18: 0.78986875 | LK18: 0.7359 | LL18: 0.8024 | LM18: 0.8357 | LN18: 0.8464 | LO18: 0.86199258 | LP18: 0.90280778 | LQ18: 0.8774 | LR18: 0.8256 | LS18: 0.8213 | LT18: 0.8634 | LU18: 0.8438 | LV18: 0.8311 | LW18: 0.87749903 | LX18: 0.9094 | LY18: 0.8532 | LZ18: 0.8322 | MA18: 0.8883 | MB18: 1.0991837 | MC18: 0.8154 | MD18: 0.63454792 | ME18: 0.7023 | MF18: 0.7517 | MG18: 0.7869 | MH18: 0.7794 | MI18: 0.7402 | MJ18: 0.6804 | MK18: 0.6804 | ML18: 0.6375 | MM18: 0.588 | MN18: 0.6301 | MO18: 0.6561 | MP18: 0.6451 | MQ18: 0.551 | MR18: 0.5109 | MS18: 0.5477 | MT18: 0.544 | MU18: 0.5657 | MV18: 0.5924 | MW18: 0.59398224 | MX18: 0.63191046 | MY18: 0.7356 | MZ18: 0.7356 | NA18: =IFERROR(NA16/NA14,"") -> 0.73106855 | NB18: =IFERROR(NB16/NB14,"") -> 0.73106855 | NC18: =IFERROR(NC16/NC14,"") -> 0.73106855
A21: SR | B21: 45657 | C21: 45658 | D21: 45659 | E21: 45660 | F21: 45661 | G21: 45662 | H21: 45663 | I21: 45664 | J21: 45665 | K21: 45666 | L21: 45667 | M21: 45668 | N21: 45669 | O21: 45670 | P21: 45671 | Q21: 45672 | R21: 45673 | S21: 45674 | T21: 45675 | U21: 45676 | V21: 45677 | W21: 45678 | X21: 45679 | Y21: 45680 | Z21: 45681 | AA21: 45682 | AB21: 45683 | AC21: 45684 | AD21: 45685 | AE21: 45686 | AF21: 45687 | AG21: 45688 | AH21: 45689 | AI21: 45690 | AJ21: 45691 | AK21: 45692 | AL21: 45693 | AM21: 45694 | AN21: 45695 | AO21: 45696 | AP21: 45697 | AQ21: 45698 | AR21: 45699 | AS21: 45700 | AT21: 45701 | AU21: 45702 | AV21: 45703 | AW21: 45704 | AX21: 45705 | AY21: 45706 | AZ21: 45707 | BA21: 45708 | BB21: 45709 | BC21: 45710 | BD21: 45711 | BE21: 45712 | BF21: 45713 | BG21: 45714 | BH21: 45715 | BI21: 45716 | BJ21: 45717 | BK21: 45718 | BL21: 45719 | BM21: 45720 | BN21: 45721 | BO21: 45722 | BP21: 45723 | BQ21: 45724 | BR21: 45725 | BS21: 45726 | BT21: 45727 | BU21: 45728 | BV21: 45729 | BW21: 45730 | BX21: 45731 | BY21: 45732 | BZ21: 45733 | CA21: 45734 | CB21: 45735 | CC21: 45736 | CD21: 45737 | CE21: 45738 | CF21: 45739 | CG21: 45740 | CH21: 45741 | CI21: 45742 | CJ21: 45743 | CK21: 45744 | CL21: 45745 | CM21: 45746 | CN21: 45747 | CO21: 45748 | CP21: 45749 | CQ21: 45750 | CR21: 45751 | CS21: 45752 | CT21: 45753 | CU21: 45754 | CV21: 45755 | CW21: 45756 | CX21: 45757 | CY21: 45758 | CZ21: 45759 | DA21: 45760 | DB21: 45761 | DC21: 45762 | DD21: 45763 | DE21: 45764 | DF21: 45765 | DG21: 45766 | DH21: 45767 | DI21: 45768 | DJ21: 45769 | DK21: 45770 | DL21: 45771 | DM21: 45772 | DN21: 45773 | DO21: 45774 | DP21: 45775 | DQ21: 45776 | DR21: 45777 | DS21: 45778 | DT21: 45779 | DU21: 45780 | DV21: 45781 | DW21: 45782 | DX21: 45783 | DY21: 45784 | DZ21: 45785 | EA21: 45786 | EB21: 45787 | EC21: 45788 | ED21: 45789 | EE21: 45790 | EF21: 45791 | EG21: 45792 | EH21: 45793 | EI21: 45794 | EJ21: 45795 | EK21: 45796 | EL21: 45797 | EM21: 45798 | EN21: 45799 | EO21: 45800 | EP21: 45801 | EQ21: 45802 | ER21: 45803 | ES21: 45804 | ET21: 45805 | EU21: 45806 | EV21: 45807 | EW21: 45808 | EX21: 45809 | EY21: 45810 | EZ21: 45811 | FA21: 45812 | FB21: 45813 | FC21: 45814 | FD21: 45815 | FE21: 45816 | FF21: 45817 | FG21: 45818 | FH21: 45819 | FI21: 45820 | FJ21: 45821 | FK21: 45822 | FL21: 45823 | FM21: 45824 | FN21: 45825 | FO21: 45826 | FP21: 45827 | FQ21: 45828 | FR21: 45829 | FS21: 45830 | FT21: 45831 | FU21: 45832 | FV21: 45833 | FW21: 45834 | FX21: 45835 | FY21: 45836 | FZ21: 45837 | GA21: 45838 | GB21: 45839 | GC21: 45840 | GD21: 45841 | GE21: 45842 | GF21: 45843 | GG21: 45844 | GH21: 45845 | GI21: 45846 | GJ21: 45847 | GK21: 45848 | GL21: 45849 | GM21: 45850 | GN21: 45851 | GO21: 45852 | GP21: 45853 | GQ21: 45854 | GR21: 45855 | GS21: 45856 | GT21: 45857 | GU21: 45858 | GV21: 45859 | GW21: 45860 | GX21: 45861 | GY21: 45862 | GZ21: 45863 | HA21: 45864 | HB21: 45865 | HC21: 45866 | HD21: 45867 | HE21: 45868 | HF21: 45869 | HG21: 45870 | HH21: 45871 | HI21: 45872 | HJ21: 45873 | HK21: 45874 | HL21: 45875 | HM21: 45876 | HN21: 45877 | HO21: 45878 | HP21: 45879 | HQ21: 45880 | HR21: 45881 | HS21: 45882 | HT21: 45883 | HU21: 45884 | HV21: 45885 | HW21: 45886 | HX21: 45887 | HY21: 45888 | HZ21: 45889 | IA21: 45890 | IB21: 45891 | IC21: 45892 | ID21: 45893 | IE21: 45894 | IF21: 45895 | IG21: 45896 | IH21: 45897 | II21: 45898 | IJ21: 45899 | IK21: 45900 | IL21: 45901 | IM21: 45902 | IN21: 45903 | IO21: 45904 | IP21: 45905 | IQ21: 45906 | IR21: 45907 | IS21: 45908 | IT21: 45909 | IU21: 45910 | IV21: 45911 | IW21: 45912 | IX21: 45913 | IY21: 45914 | IZ21: 45915 | JA21: 45916 | JB21: 45917 | JC21: 45918 | JD21: 45919 | JE21: 45920 | JF21: 45921 | JG21: 45922 | JH21: 45923 | JI21: 45924 | JJ21: 45925 | JK21: 45926 | JL21: 45927 | JM21: 45928 | JN21: 45929 | JO21: 45930 | JP21: 45931 | JQ21: 45932 | JR21: 45933 | JS21: 45934 | JT21: 45935 | JU21: 45936 | JV21: 45937 | JW21: 45938 | JX21: 45939 | JY21: 45940 | JZ21: 45941 | KA21: 45942 | KB21: 45943 | KC21: 45944 | KD21: 45945 | KE21: 45946 | KF21: 45947 | KG21: 45948 | KH21: 45949 | KI21: 45950 | KJ21: 45951 | KK21: 45952 | KL21: 45953 | KM21: 45954 | KN21: 45955 | KO21: 45956 | KP21: 45957 | KQ21: 45958 | KR21: 45959 | KS21: 45960 | KT21: 45961 | KU21: 45962 | KV21: 45963 | KW21: 45964 | KX21: 45965 | KY21: 45966 | KZ21: 45967 | LA21: 45968 | LB21: 45969 | LC21: 45970 | LD21: 45971 | LE21: 45972 | LF21: 45973 | LG21: 45974 | LH21: 45975 | LI21: 45976 | LJ21: 45977 | LK21: 45978 | LL21: 45979 | LM21: 45980 | LN21: 45981 | LO21: 45982 | LP21: 45983 | LQ21: 45984 | LR21: 45985 | LS21: 45986 | LT21: 45987 | LU21: 45988 | LV21: 45989 | LW21: 45990 | LX21: 45991 | LY21: 45992 | LZ21: 45993 | MA21: 45994 | MB21: 45995 | MC21: 45996 | MD21: 45997 | ME21: 45998 | MF21: 45999 | MG21: 46000 | MH21: 46001 | MI21: 46002 | MJ21: 46003 | MK21: 46004 | ML21: 46005 | MM21: 46006 | MN21: 46007 | MO21: 46008 | MP21: 46009 | MQ21: 46010 | MR21: 46011 | MS21: 46012 | MT21: 46013 | MU21: 46014 | MV21: 46015 | MW21: 46016 | MX21: 46017 | MY21: 46018 | MZ21: 46019 | NA21: 46020 | NB21: 46021 | NC21: 46022
B22: W04 | C22: W01 | D22: W01 | E22: W01 | F22: W01 | G22: W01 | H22: W02 | I22: W02 | J22: W02 | K22: W02 | L22: W02 | M22: W02 | N22: W02 | O22: W03 | P22: W03 | Q22: W03 | R22: W03 | S22: W03 | T22: W03 | U22: W03 | V22: W04 | W22: W04 | X22: W04 | Y22: W04 | Z22: W04 | AA22: W04 | AB22: W04 | AC22: W04 | AD22: W04 | AE22: W04 | AF22: W04 | AG22: W04 | AH22: W04 | AI22: W04 | AJ22: W01 | AK22: W01 | AL22: W01 | AM22: W01 | AN22: W01 | AO22: W01 | AP22: W01 | AQ22: W02 | AR22: W02 | AS22: W02 | AT22: W02 | AU22: W02 | AV22: W02 | AW22: W02 | AX22: W03 | AY22: W03 | AZ22: W03 | BA22: W03 | BB22: W03 | BC22: W03 | BD22: W03 | BE22: W04 | BF22: W04 | BG22: W04 | BH22: W04 | BI22: W04 | BJ22: W04 | BK22: W04 | BL22: W01 | BM22: W01 | BN22: W01 | BO22: W01 | BP22: W01 | BQ22: W01 | BR22: W01 | BS22: W02 | BT22: W02 | BU22: W02 | BV22: W02 | BW22: W02 | BX22: W02 | BY22: W02 | BZ22: W03 | CA22: W03 | CB22: W03 | CC22: W03 | CD22: W03 | CE22: W03 | CF22: W03 | CG22: W04 | CH22: W04 | CI22: W04 | CJ22: W04 | CK22: W04 | CL22: W04 | CM22: W04 | CN22: W01 | CO22: W01 | CP22: W01 | CQ22: W01 | CR22: W01 | CS22: W01 | CT22: W01 | CU22: W02 | CV22: W02 | CW22: W02 | CX22: W02 | CY22: W02 | CZ22: W02 | DA22: W02 | DB22: W03 | DC22: W03 | DD22: W03 | DE22: W03 | DF22: W03 | DG22: W03 | DH22: W03 | DI22: W04 | DJ22: W04 | DK22: W04 | DL22: W04 | DM22: W04 | DN22: W04 | DO22: W04 | DP22: W04 | DQ22: W04 | DR22: W04 | DS22: W04 | DT22: W04 | DU22: W01 | DV22: W01 | DW22: W01 | DX22: W02 | DY22: W02 | DZ22: W02 | EA22: W02 | EB22: W02 | EC22: W02 | ED22: W02 | EE22: W03 | EF22: W03 | EG22: W03 | EH22: W03 | EI22: W03 | EJ22: W03 | EK22: W03 | EL22: W04 | EM22: W04 | EN22: W04 | EO22: W04 | EP22: W04 | EQ22: W04 | ER22: W04 | ES22: W04 | ET22: W04 | EU22: W04 | EV22: W04 | EW22: W04 | EX22: W01 | EY22: W01 | EZ22: W01 | FA22: W01 | FB22: W01 | FC22: W01 | FD22: W01 | FE22: W01 | FF22: W01 | FG22: W02 | FH22: W02 | FI22: W02 | FJ22: W02 | FK22: W02 | FL22: W02 | FM22: W02 | FN22: W03 | FO22: W03 | FP22: W03 | FQ22: W03 | FR22: W03 | FS22: W03 | FT22: W03 | FU22: W04 | FV22: W04 | FW22: W04 | FX22: W04 | FY22: W04 | FZ22: W04 | GA22: W04 | GB22: W01 | GC22: W01 | GD22: W01 | GE22: W01 | GF22: W01 | GG22: W01 | GH22: W01 | GI22: W02 | GJ22: W02 | GK22: W02 | GL22: W02 | GM22: W02 | GN22: W02 | GO22: W02 | GP22: W03 | GQ22: W03 | GR22: W03 | GS22: W03 | GT22: W03 | GU22: W03 | GV22: W03 | GW22: W04 | GX22: W04 | GY22: W04 | GZ22: W04 | HA22: W04 | HB22: W04 | HC22: W04 | HD22: W04 | HE22: W04 | HF22: W04 | HG22: W01 | HH22: W01 | HI22: W01 | HJ22: W01 | HK22: W02 | HL22: W02 | HM22: W02 | HN22: W02 | HO22: W02 | HP22: W02 | HQ22: W02 | HR22: W03 | HS22: W03 | HT22: W03 | HU22: W03 | HV22: W03 | HW22: W03 | HX22: W03 | HY22: W04 | HZ22: W04 | IA22: W04 | IB22: W04 | IC22: W04 | ID22: W04 | IE22: W04 | IF22: W04 | IG22: W04 | IH22: W04 | II22: W04 | IJ22: W04 | IK22: W04 | IL22: W01 | IM22: W01 | IN22: W01 | IO22: W01 | IP22: W01 | IQ22: W01 | IR22: W01 | IS22: W01 | IT22: W02 | IU22: W02 | IV22: W02 | IW22: W02 | IX22: W02 | IY22: W02 | IZ22: W02 | JA22: W03 | JB22: W03 | JC22: W03 | JD22: W03 | JE22: W03 | JF22: W03 | JG22: W03 | JH22: W04 | JI22: W04 | JJ22: W04 | JK22: W04 | JL22: W04 | JM22: W04 | JN22: W04 | JO22: W04 | JP22: W01 | JQ22: W01 | JR22: W01 | JS22: W01 | JT22: W01 | JU22: W01 | JV22: W02 | JW22: W02 | JX22: W02 | JY22: W02 | JZ22: W02 | KA22: W02 | KB22: W02 | KC22: W03 | KD22: W03 | KE22: W03 | KF22: W03 | KG22: W03 | KH22: W03 | KI22: W03 | KJ22: W04 | KK22: W04 | KL22: W04 | KM22: W04 | KN22: W04 | KO22: W04 | KP22: W04 | KQ22: W04 | KR22: W04 | KS22: =VLOOKUP(KS2,[1]Parameter!$AD:$AE,2,0) -> W04 | KT22: W04 | KU22: W01 | KV22: W01 | KW22: W01 | KX22: W01 | KY22: W01 | KZ22: W01 | LA22: W01 | LB22: W01 | LC22: W01 | LD22: W01 | LE22: W02 | LF22: W02 | LG22: W02 | LH22: W02 | LI22: W02 | LJ22: W02 | LK22: W02 | LL22: W03 | LM22: W03 | LN22: W03 | LO22: W03 | LP22: W03 | LQ22: W03 | LR22: W03 | LS22: W04 | LT22: W04 | LU22: W04 | LV22: W04 | LW22: W04 | LX22: W04 | LY22: W01 | LZ22: W01 | MA22: W01 | MB22: W01 | MC22: W01 | MD22: W01 | ME22: W01 | MF22: W01 | MG22: W02 | MH22: W02 | MI22: W02 | MJ22: W02 | MK22: W02 | ML22: W02 | MM22: W02 | MN22: W03 | MO22: W03 | MP22: W03 | MQ22: W03 | MR22: W03 | MS22: W03 | MT22: W03 | MU22: W04 | MV22: W04 | MW22: W04 | MX22: W04 | MY22: W04 | MZ22: W04 | NA22: =VLOOKUP(NA2,[1]Parameter!$AD:$AE,2,0) -> W04 | NB22: =VLOOKUP(NB2,[1]Parameter!$AD:$AE,2,0) -> W04 | NC22: =VLOOKUP(NC2,[1]Parameter!$AD:$AE,2,0) -> W04
B23: Tue | C23: Wed | D23: Thu | E23: Fri | F23: Sat | G23: Sun | H23: Mon | I23: Tue | J23: Wed | K23: Thu | L23: Fri | M23: Sat | N23: Sun | O23: Mon | P23: Tue | Q23: Wed | R23: Thu | S23: Fri | T23: Sat | U23: Sun | V23: Mon | W23: Tue | X23: Wed | Y23: Thu | Z23: Fri | AA23: Sat | AB23: Sun | AC23: Mon | AD23: Tue | AE23: Wed | AF23: Thu | AG23: Fri | AH23: Sat | AI23: Sun | AJ23: Mon | AK23: Tue | AL23: Wed | AM23: Thu | AN23: Fri | AO23: Sat | AP23: Sun | AQ23: Mon | AR23: Tue | AS23: Wed | AT23: Thu | AU23: Fri | AV23: Sat | AW23: Sun | AX23: Mon | AY23: Tue | AZ23: Wed | BA23: Thu | BB23: Fri | BC23: Sat | BD23: Sun | BE23: Mon | BF23: Tue | BG23: Wed | BH23: Thu | BI23: Fri | BJ23: Sat | BK23: Sun | BL23: Mon | BM23: Tue | BN23: Wed | BO23: Thu | BP23: Fri | BQ23: Sat | BR23: Sun | BS23: Mon | BT23: Tue | BU23: Wed | BV23: Thu | BW23: Fri | BX23: Sat | BY23: Sun | BZ23: Mon | CA23: Tue | CB23: Wed | CC23: Thu | CD23: Fri | CE23: Sat | CF23: Sun | CG23: Mon | CH23: Tue | CI23: Wed | CJ23: Thu | CK23: Fri | CL23: Sat | CM23: Sun | CN23: Mon | CO23: Tue | CP23: Wed | CQ23: Thu | CR23: Fri | CS23: Sat | CT23: Sun | CU23: Mon | CV23: Tue | CW23: Wed | CX23: Thu | CY23: Fri | CZ23: Sat | DA23: Sun | DB23: Mon | DC23: Tue | DD23: Wed | DE23: Thu | DF23: Fri | DG23: Sat | DH23: Sun | DI23: Mon | DJ23: Tue | DK23: Wed | DL23: Thu | DM23: Fri | DN23: Sat | DO23: Sun | DP23: Mon | DQ23: Tue | DR23: Wed | DS23: Thu | DT23: Fri | DU23: Sat | DV23: Sun | DW23: Mon | DX23: Tue | DY23: Wed | DZ23: Thu | EA23: Fri | EB23: Sat | EC23: Sun | ED23: Mon | EE23: Tue | EF23: Wed | EG23: Thu | EH23: Fri | EI23: Sat | EJ23: Sun | EK23: Mon | EL23: Tue | EM23: Wed | EN23: Thu | EO23: Fri | EP23: Sat | EQ23: Sun | ER23: Mon | ES23: Tue | ET23: Wed | EU23: Thu | EV23: Fri | EW23: Sat | EX23: Sun | EY23: Mon | EZ23: Tue | FA23: Wed | FB23: Thu | FC23: Fri | FD23: Sat | FE23: Sun | FF23: Mon | FG23: Tue | FH23: Wed | FI23: Thu | FJ23: Fri | FK23: Sat | FL23: Sun | FM23: Mon | FN23: Tue | FO23: Wed | FP23: Thu | FQ23: Fri | FR23: Sat | FS23: Sun | FT23: Mon | FU23: Tue | FV23: Wed | FW23: Thu | FX23: Fri | FY23: Sat | FZ23: Sun | GA23: Mon | GB23: Tue | GC23: Wed | GD23: Thu | GE23: Fri | GF23: Sat | GG23: Sun | GH23: Mon | GI23: Tue | GJ23: Wed | GK23: Thu | GL23: Fri | GM23: Sat | GN23: Sun | GO23: Mon | GP23: Tue | GQ23: Wed | GR23: Thu | GS23: Fri | GT23: Sat | GU23: Sun | GV23: Mon | GW23: Tue | GX23: Wed | GY23: Thu | GZ23: Fri | HA23: Sat | HB23: Sun | HC23: Mon | HD23: Tue | HE23: Wed | HF23: Thu | HG23: Fri | HH23: Sat | HI23: Sun | HJ23: Mon | HK23: Tue | HL23: Wed | HM23: Thu | HN23: Fri | HO23: Sat | HP23: Sun | HQ23: Mon | HR23: Tue | HS23: Wed | HT23: Thu | HU23: Fri | HV23: Sat | HW23: Sun | HX23: Mon | HY23: Tue | HZ23: Wed | IA23: Thu | IB23: Fri | IC23: Sat | ID23: Sun | IE23: Mon | IF23: Tue | IG23: Wed | IH23: Thu | II23: Fri | IJ23: Sat | IK23: Sun | IL23: Mon | IM23: Tue | IN23: Wed | IO23: Thu | IP23: Fri | IQ23: Sat | IR23: Sun | IS23: Mon | IT23: Tue | IU23: Wed | IV23: Thu | IW23: Fri | IX23: Sat | IY23: Sun | IZ23: Mon | JA23: Tue | JB23: Wed | JC23: Thu | JD23: Fri | JE23: Sat | JF23: Sun | JG23: Mon | JH23: Tue | JI23: Wed | JJ23: Thu | JK23: Fri | JL23: Sat | JM23: Sun | JN23: Mon | JO23: Tue | JP23: Wed | JQ23: Thu | JR23: Fri | JS23: Sat | JT23: Sun | JU23: Mon | JV23: Tue | JW23: Wed | JX23: Thu | JY23: Fri | JZ23: Sat | KA23: Sun | KB23: Mon | KC23: Tue | KD23: Wed | KE23: Thu | KF23: Fri | KG23: Sat | KH23: Sun | KI23: Mon | KJ23: Tue | KK23: Wed | KL23: Thu | KM23: Fri | KN23: Sat | KO23: Sun | KP23: Mon | KQ23: Tue | KR23: Wed | KS23: Thu | KT23: Fri | KU23: Sat | KV23: Sun | KW23: Mon | KX23: Tue | KY23: Wed | KZ23: Thu | LA23: Fri | LB23: Sat | LC23: Sun | LD23: Mon | LE23: Tue | LF23: Wed | LG23: Thu | LH23: Fri | LI23: Sat | LJ23: Sun | LK23: Mon | LL23: Tue | LM23: Wed | LN23: Thu | LO23: Fri | LP23: Sat | LQ23: Sun | LR23: Mon | LS23: Tue | LT23: Wed | LU23: Thu | LV23: Fri | LW23: Sat | LX23: Sun | LY23: Mon | LZ23: Tue | MA23: Wed | MB23: Thu | MC23: Fri | MD23: Sat | ME23: Sun | MF23: Mon | MG23: Tue | MH23: Wed | MI23: Thu | MJ23: Fri | MK23: Sat | ML23: Sun | MM23: Mon | MN23: Tue | MO23: Wed | MP23: Thu | MQ23: Fri | MR23: Sat | MS23: Sun | MT23: Mon | MU23: Tue | MV23: Wed | MW23: Thu | MX23: Fri | MY23: Sat | MZ23: Sun | NA23: Mon | NB23: Tue | NC23: Wed
A24: Inbound
A25: Productin plan | C25: 0 | D25: 576 | E25: 1805 | F25: 2144.4875 | G25: 1898.1125 | H25: 1570.6 | I25: 1526.525 | J25: 346.5125 | K25: 0 | L25: 555.6125 | M25: 1269.4875 | N25: 1112.0875 | O25: 1065 | P25: 1116 | Q25: 904 | R25: 1515 | S25: 1816 | T25: 1830 | U25: 1604 | V25: 1529 | W25: 1352 | X25: 1337 | Y25: 239 | Z25: 629 | AA25: 1939 | AB25: 1871 | AC25: 1127 | AD25: 1195 | AE25: 1180 | AF25: 1226 | AG25: 887 | AH25: 684 | AI25: 486 | AJ25: 1161 | AK25: 1879 | AL25: 1000 | AM25: 1044 | AN25: 1221 | AO25: 1155 | AP25: 1572 | AQ25: 792 | AR25: 1531 | AS25: 1633 | AT25: 1636 | AU25: 1537 | AV25: 1484 | AW25: 1505 | AX25: 1786 | AY25: 1765 | AZ25: 1497 | BA25: 1609 | BB25: 1633 | BC25: 1396 | BD25: 1493 | BE25: 1592 | BF25: 1190 | BG25: 1952 | BH25: 2015 | BI25: 2028 | BJ25: 1631 | BK25: 2036 | BL25: 1916 | BM25: 1918 | BN25: 1898 | BO25: 2123 | BP25: 2211 | BQ25: 2208 | BR25: 1780 | BS25: 892 | BT25: 1985 | BU25: 1886 | BV25: 1963 | BW25: 558 | BX25: 681 | BY25: 1287 | BZ25: 1607 | CA25: 1549 | CB25: 1569 | CC25: 1857 | CD25: 1105 | CE25: 1599 | CF25: 1039 | CG25: 1590 | CH25: 2081 | CI25: 2272 | CJ25: 1838 | CK25: 1725 | CL25: 2100 | CM25: 2155 | CN25: 1696 | CO25: 2174 | CP25: 2006 | CQ25: 1474 | CR25: 854 | CS25: 1352 | CT25: 1407 | CU25: 1719 | CV25: 1780 | CW25: 1383 | CX25: 1332 | CY25: 1883 | CZ25: 2012 | DA25: 1766 | DB25: 2236 | DC25: 2278 | DD25: 2146 | DE25: 1859 | DF25: 1741 | DG25: 2035 | DH25: 2010 | DI25: 2176 | DJ25: 1516 | DK25: 2000 | DL25: 870 | DM25: 1479 | DN25: 1357 | DO25: 1345 | DP25: 1582 | DQ25: 1640 | DR25: 1599 | DS25: 378 | DT25: 1916 | DU25: 2280 | DV25: 2140 | DW25: 2188 | DX25: 2070 | DY25: 2200 | DZ25: 1476 | EA25: 1073 | EB25: 392 | EC25: 663 | ED25: 1606 | EE25: 1617 | EF25: 2208 | EG25: 2471 | EH25: 1896 | EI25: 1091 | EJ25: 1126 | EK25: 628 | EL25: 782 | EM25: 1184 | EN25: 1860 | EO25: 2186 | EP25: 1516 | EQ25: 1326 | ER25: 1507 | ES25: 1455 | ET25: 1143 | EU25: 1345 | EV25: 1582 | EW25: 2109 | EX25: 1846 | EY25: 1542 | EZ25: 1245 | FA25: 1959 | FB25: 1969 | FC25: 115 | FD25: 146 | FE25: 0 | FF25: 340 | FG25: 752 | FH25: 506 | FI25: 1224 | FJ25: 747 | FK25: 2201 | FL25: 2029 | FM25: 1331 | FN25: 1967 | FO25: 1257 | FP25: 941 | FQ25: 1084 | FR25: 1250 | FS25: 1441 | FT25: 704 | FU25: 957 | FV25: 2349 | FW25: 2129 | FX25: 1709 | FY25: 1317 | FZ25: 1296 | GA25: 465 | GB25: 0 | GC25: 0 | GD25: 0 | GE25: 0 | GF25: 0 | GG25: 0 | GH25: 0 | GI25: 0 | GJ25: 0 | GK25: 0 | GL25: 0 | GM25: 0 | GN25: 0 | GO25: 0 | GP25: 0 | GQ25: 0 | GR25: 0 | GS25: 0 | GT25: 0 | GU25: 0 | GV25: 0 | GW25: 0 | GX25: 0 | GY25: 0 | GZ25: 0 | HA25: 0 | HB25: 0 | HC25: 0 | HD25: 0 | HE25: 0 | HF25: 0 | HG25: 1269 | HH25: 1481 | HI25: 1644 | HJ25: 548 | HK25: 451 | HL25: 703 | HM25: 773 | HN25: 1200 | HO25: 1129 | HP25: 617 | HQ25: 122 | HR25: 792 | HS25: 1706 | HT25: 1078 | HU25: 1437 | HV25: 1240 | HW25: 1172 | HX25: 1262 | HY25: 963 | HZ25: 956 | IA25: 1428 | IB25: 1140 | IC25: 1115 | ID25: 781 | IE25: 1659 | IF25: 1625 | IG25: 1408 | IH25: 1792 | II25: 2350 | IJ25: 1116 | IK25: 290 | IL25: 1213 | IM25: 1588 | IN25: 1384 | IO25: 1508 | IP25: 1321 | IQ25: 1517 | IR25: 582 | IS25: 574 | IT25: 782 | IU25: 1398 | IV25: 1346 | IW25: 1015 | IX25: 1120 | IY25: 2047 | IZ25: 2013 | JA25: 1049 | JB25: 123 | JC25: 240 | JD25: 1424 | JE25: 1600 | JF25: 1776 | JG25: 1775 | JH25: 1769 | JI25: 852 | JJ25: 436 | JK25: 917 | JL25: 1486 | JM25: 1228 | JN25: 1588 | JO25: 1385 | JP25: 1458 | JQ25: 467 | JR25: 716 | JS25: 1056 | JT25: 1182 | JU25: 712 | JV25: 1557 | JW25: 2103.1092 | JX25: 1152 | JY25: 430 | JZ25: 1005 | KA25: 668 | KB25: 205 | KC25: 420 | KD25: 1560 | KE25: 1675 | KF25: 1351 | KG25: 1774 | KH25: 1903 | KI25: 1756 | KJ25: 1464 | KK25: 1653 | KL25: 1314 | KM25: 1428 | KN25: 1465 | KO25: 245 | KP25: 1391 | KQ25: 1975 | KR25: 1643 | KS25: 1502 | KT25: 1406 | KU25: 1021 | KV25: 889 | KW25: 1386 | KX25: 1571 | KY25: 881 | KZ25: 737 | LA25: 988 | LB25: 1511 | LC25: 1626 | LD25: 1991 | LE25: 2097 | LF25: 801 | LG25: 1347 | LH25: 1094.8841 | LI25: 95 | LJ25: 1223 | LK25: 1041 | LL25: 945 | LM25: 404 | LN25: 489 | LO25: 727 | LP25: 1175 | LQ25: 1134 | LR25: 1746 | LS25: 1604 | LT25: 994 | LU25: 1741 | LV25: 0 | LW25: 1225 | LX25: 1728 | LY25: 1880 | LZ25: 2050 | MA25: 963 | MB25: 983 | MC25: 1254 | MD25: 1414 | ME25: 1038 | MF25: 1054 | MG25: 1034 | MH25: 432 | MI25: 893 | MJ25: 333 | MK25: 2106 | ML25: 2377 | MM25: 2280 | MN25: 1132 | MO25: 1403 | MP25: 1267 | MQ25: 2811 | MR25: 2969 | MS25: 1322 | MT25: 1876 | MU25: 2215 | MV25: 2275 | MW25: 3129 | MX25: 1813 | MY25: 1521 | MZ25: 1370 | NA25: =IF(TODAY()<=NA21,NA57,NA62) -> 0 | NB25: =IF(TODAY()<=NB21,NB57,NB62) -> 0 | NC25: =IF(TODAY()<=NC21,NC57,NC62) -> 0
A26: Shuttle RY > SR | C26: 0 | D26: 174 | E26: 656 | F26: 914 | G26: 869 | H26: 1205 | I26: 269 | J26: 26 | K26: 270 | L26: 959 | M26: 1023 | N26: 1037 | O26: 988 | P26: 457 | Q26: 524 | R26: 439 | S26: 454 | T26: 388 | U26: 944 | V26: 518 | W26: 345 | X26: 127 | Y26: 211 | Z26: 220 | AA26: 878 | AB26: 495 | AC26: 850 | AD26: 488 | AE26: 415 | AF26: 475 | AG26: 503 | AH26: 1040 | AI26: 1322 | AJ26: 697 | AK26: 688 | AL26: 337 | AM26: 476 | AN26: 629 | AO26: 872 | AP26: 1236 | AQ26: 840 | AR26: 1110 | AS26: 901 | AT26: 851 | AU26: 449 | AV26: 207 | AW26: 259 | AX26: 162 | AY26: 546 | AZ26: 971 | BA26: 1028 | BB26: 817 | BC26: 682 | BD26: 1181 | BE26: 807 | BF26: 1116 | BG26: 1142 | BH26: 939 | BI26: 733 | BJ26: 1098 | BK26: 942 | BL26: 897 | BM26: 1019 | BN26: 1139 | BO26: 773 | BP26: 488 | BQ26: 724 | BR26: 826 | BS26: 665 | BT26: 483 | BU26: 585 | BV26: 911 | BW26: 765 | BX26: 828 | BY26: 1028 | BZ26: 794 | CA26: 666 | CB26: 664 | CC26: 805 | CD26: 601 | CE26: 963 | CF26: 1444 | CG26: 894 | CH26: 936 | CI26: 989 | CJ26: 700 | CK26: 784 | CL26: 785 | CM26: 786 | CN26: 156 | CO26: 358 | CP26: 617 | CQ26: 683 | CR26: 877 | CS26: 984 | CT26: 681 | CU26: 783 | CV26: 897 | CW26: 548 | CX26: 508 | CY26: 681 | CZ26: 703 | DA26: 1081 | DB26: 1321 | DC26: 864 | DD26: 838 | DE26: 695 | DF26: 1122 | DG26: 721 | DH26: 616 | DI26: 715 | DJ26: 490 | DK26: 828 | DL26: 805 | DM26: 766 | DN26: 1077 | DO26: 817 | DP26: 613 | DQ26: 715 | DR26: 952 | DS26: 889 | DT26: 851 | DU26: 834 | DV26: 574 | DW26: 654 | DX26: 495 | DY26: 531 | DZ26: 538 | EA26: 932 | EB26: 690 | EC26: 0 | ED26: 13 | EE26: 154 | EF26: 547 | EG26: 594 | EH26: 554 | EI26: 0 | EJ26: 745 | EK26: 718 | EL26: 387 | EM26: 515 | EN26: 521 | EO26: 727 | EP26: 740 | EQ26: 697 | ER26: 783 | ES26: 460 | ET26: 676 | EU26: 623 | EV26: 549 | EW26: 791 | EX26: 732 | EY26: 253 | EZ26: 617 | FA26: 307 | FB26: 175 | FC26: 304 | FD26: 80 | FE26: 655 | FF26: 667 | FG26: 488 | FH26: 626 | FI26: 535 | FJ26: 830 | FK26: 958 | FL26: 1015 | FM26: 1032 | FN26: 345 | FO26: 744 | FP26: 665 | FQ26: 654 | FR26: 440 | FS26: 1038 | FT26: 444 | FU26: 486 | FV26: 801 | FW26: 418 | FX26: 538 | FY26: 768 | FZ26: 1328 | GA26: 569 | GB26: 310 | GC26: 293 | GD26: 155 | GE26: 339 | GF26: 467 | GG26: 547 | GH26: 742 | GI26: 405 | GJ26: 213 | GK26: 743 | GL26: 912 | GM26: 540 | GN26: 576 | GO26: 286 | GP26: 269 | GQ26: 759 | GR26: 680 | GS26: 790 | GT26: 739 | GU26: 345 | GV26: 506 | GW26: 540 | GX26: 439 | GY26: 806 | GZ26: 646 | HA26: 788 | HB26: 924 | HC26: 917 | HD26: 349 | HE26: 263 | HF26: 633 | HG26: 504 | HH26: 618 | HI26: 858 | HJ26: 931 | HK26: 433 | HL26: 840 | HM26: 644 | HN26: 613 | HO26: 1020 | HP26: 928 | HQ26: 1196 | HR26: 813 | HS26: 597 | HT26: 599 | HU26: 833 | HV26: 838 | HW26: 1102 | HX26: 787 | HY26: 413 | HZ26: 531 | IA26: 554 | IB26: 631 | IC26: 632 | ID26: 795 | IE26: 492 | IF26: 585 | IG26: 672 | IH26: 1061 | II26: 817 | IJ26: 1097 | IK26: 722 | IL26: 263 | IM26: 283 | IN26: 982 | IO26: 691 | IP26: 541 | IQ26: 532 | IR26: 670 | IS26: 128 | IT26: 79 | IU26: 476 | IV26: 623 | IW26: 1076 | IX26: 210 | IY26: 990 | IZ26: 180 | JA26: 169 | JB26: 376 | JC26: 612 | JD26: 804 | JE26: 769 | JF26: 988 | JG26: 503 | JH26: 174 | JI26: 215 | JJ26: 729 | JK26: 1098 | JL26: 663 | JM26: 1007 | JN26: 632 | JO26: 342 | JP26: 507 | JQ26: 456 | JR26: 459 | JS26: 226 | JT26: 827 | JU26: 255 | JV26: 316 | JW26: 760 | JX26: 907 | JY26: 520 | JZ26: 1406 | KA26: 685 | KB26: 820 | KC26: 161 | KD26: 99 | KE26: 558 | KF26: 990 | KG26: 609 | KH26: 1074 | KI26: 361 | KJ26: 293 | KK26: 981 | KL26: 903 | KM26: 699 | KN26: 867 | KO26: 814 | KP26: 677 | KQ26: 885 | KR26: 728 | KS26: 658 | KT26: 836 | KU26: 1040 | KV26: 1190 | KW26: 937 | KX26: 752 | KY26: 1174 | KZ26: 1351 | LA26: 1054 | LB26: 379 | LC26: 1172 | LD26: 784 | LE26: 721 | LF26: 1154 | LG26: 1219 | LH26: 138 | LI26: 78 | LJ26: 1401 | LK26: 899 | LL26: 399 | LM26: 825 | LN26: 1055 | LO26: 1057 | LP26: 456 | LQ26: 1216 | LR26: 498 | LS26: 199 | LT26: 673 | LU26: 790 | LV26: 1044 | LW26: 659 | LX26: 774 | LY26: 834 | LZ26: 1026 | MA26: 968 | MB26: 797 | MC26: 623 | MD26: 530 | ME26: 449 | MF26: 99 | MG26: 224 | MH26: 430 | MI26: 903 | MJ26: 1008 | MK26: 960 | ML26: 916 | MM26: 468 | MN26: 823 | MO26: 564 | MP26: 685 | MQ26: 420 | MR26: 205 | MS26: 596 | MT26: 830 | MU26: 891 | MV26: 1055 | MW26: 719 | MX26: 874 | MY26: 933 | MZ26: 624 | NA26: =IF(TODAY()<=NA21,NA45,NA49) -> 0 | NB26: =IF(TODAY()<=NB21,NB45,NB49) -> 0 | NC26: =IF(TODAY()<=NC21,NC45,NC49) -> 0
A27: Shuttle Toyo > SR | C27: 0 | D27: 0 | E27: 52 | F27: 0 | G27: 0 | H27: 0 | I27: 0 | J27: 51 | K27: 52 | L27: 0 | M27: 77 | N27: 0 | O27: 0 | P27: 52 | Q27: 26 | R27: 0 | S27: 51 | T27: 26 | U27: 0 | V27: 52 | W27: 16 | X27: 78 | Y27: 0 | Z27: 0 | AA27: 52 | AB27: 26 | AC27: 0 | AD27: 0 | AE27: 0 | AF27: 26 | AG27: 25 | AH27: 0 | AI27: 0 | AJ27: 51 | AK27: 0 | AL27: 0 | AM27: 0 | AN27: 78 | AO27: 0 | AP27: 0 | AQ27: 51 | AR27: 25 | AS27: 0 | AT27: 26 | AU27: 0 | AV27: 52 | AW27: 0 | AX27: 0 | AY27: 26 | AZ27: 25 | BA27: 76 | BB27: 0 | BC27: 0 | BD27: 0 | BE27: 51 | BF27: 0 | BG27: 52 | BH27: 52 | BI27: 0 | BJ27: 0 | BK27: 0 | BL27: 51 | BM27: 0 | BN27: 0 | BO27: 0 | BP27: 25 | BQ27: 52 | BR27: 0 | BS27: 0 | BT27: 0 | BU27: 51 | BV27: 50 | BW27: 0 | BX27: 0 | BY27: 0 | BZ27: 51 | CA27: 52 | CB27: 25 | CC27: 0 | CD27: 26 | CE27: 26 | CF27: 0 | CG27: 51 | CH27: 0 | CI27: 0 | CJ27: 51 | CK27: 0 | CL27: 154 | CM27: 0 | CN27: 0 | CO27: 0 | CP27: 52 | CQ27: 0 | CR27: 26 | CS27: 104 | CT27: 25 | CU27: 0 | CV27: 0 | CW27: 26 | CX27: 52 | CY27: 51 | CZ27: 0 | DA27: 0 | DB27: 0 | DC27: 0 | DD27: 0 | DE27: 0 | DF27: 0 | DG27: 51 | DH27: 0 | DI27: 0 | DJ27: 0 | DK27: 52 | DL27: 51 | DM27: 52 | DN27: 104 | DO27: 0 | DP27: 0 | DQ27: 0 | DR27: 52 | DS27: 0 | DT27: 0 | DU27: 78 | DV27: 0 | DW27: 0 | DX27: 0 | DY27: 0 | DZ27: 52 | EA27: 26 | EB27: 26 | EC27: 0 | ED27: 75 | EE27: 26 | EF27: 0 | EG27: 26 | EH27: 77 | EI27: 0 | EJ27: 0 | EK27: 0 | EL27: 25 | EM27: 52 | EN27: 0 | EO27: 26 | EP27: 103 | EQ27: 0 | ER27: 0 | ES27: 77 | ET27: 0 | EU27: 0 | EV27: 52 | EW27: 51 | EX27: 0 | EY27: 26 | EZ27: 26 | FA27: 0 | FB27: 0 | FC27: 0 | FD27: 51 | FE27: 0 | FF27: 0 | FG27: 0 | FH27: 78 | FI27: 0 | FJ27: 52 | FK27: 0 | FL27: 0 | FM27: 0 | FN27: 51 | FO27: 52 | FP27: 50 | FQ27: 0 | FR27: 25 | FS27: 0 | FT27: 78 | FU27: 52 | FV27: 0 | FW27: 0 | FX27: 52 | FY27: 78 | FZ27: 0 | GA27: 0 | GB27: 0 | GC27: 0 | GD27: 0 | GE27: 117 | GF27: 0 | GG27: 0 | GH27: 0 | GI27: 0 | GJ27: 0 | GK27: 52 | GL27: 77 | GM27: 0 | GN27: 0 | GO27: 0 | GP27: 74 | GQ27: 0 | GR27: 26 | GS27: 50 | GT27: 0 | GU27: 0 | GV27: 0 | GW27: 52 | GX27: 77 | GY27: 0 | GZ27: 0 | HA27: 102 | HB27: 0 | HC27: 0 | HD27: 77 | HE27: 0 | HF27: 0 | HG27: 26 | HH27: 26 | HI27: 0 | HJ27: 0 | HK27: 78 | HL27: 0 | HM27: 0 | HN27: 26 | HO27: 78 | HP27: 0 | HQ27: 0 | HR27: 0 | HS27: 24 | HT27: 23 | HU27: 50 | HV27: 0 | HW27: 0 | HX27: 52 | HY27: 26 | HZ27: 20 | IA27: 52 | IB27: 52 | IC27: 78 | ID27: 0 | IE27: 0 | IF27: 20 | IG27: 103 | IH27: 128 | II27: 78 | IJ27: 26 | IK27: 0 | IL27: 0 | IM27: 0 | IN27: 26 | IO27: 0 | IP27: 77 | IQ27: 0 | IR27: 0 | IS27: 51 | IT27: 104 | IU27: 0 | IV27: 26 | IW27: 76 | IX27: 103 | IY27: 0 | IZ27: 0 | JA27: 52 | JB27: 51 | JC27: 52 | JD27: 25 | JE27: 25 | JF27: 0 | JG27: 26 | JH27: 77 | JI27: 0 | JJ27: 0 | JK27: 52 | JL27: 44 | JM27: 0 | JN27: 77 | JO27: 0 | JP27: 0 | JQ27: 24 | JR27: 0 | JS27: 51 | JT27: 0 | JU27: 50 | JV27: 0 | JW27: 26 | JX27: 52 | JY27: 0 | JZ27: 51 | KA27: 0 | KB27: 51 | KC27: 0 | KD27: 103 | KE27: 0 | KF27: 0 | KG27: 0 | KH27: 0 | KI27: 78 | KJ27: 0 | KK27: 0 | KL27: 0 | KM27: 0 | KN27: 77 | KO27: 0 | KP27: 52 | KQ27: 0 | KR27: 77 | KS27: 0 | KT27: 0 | KU27: 0 | KV27: 0 | KW27: 0 | KX27: 103 | KY27: 0 | KZ27: 104 | LA27: 130 | LB27: 0 | LC27: 24 | LD27: 0 | LE27: 0 | LF27: 51 | LG27: 78 | LH27: 50 | LI27: 0 | LJ27: 0 | LK27: 26 | LL27: 51 | LM27: 51 | LN27: 76 | LO27: 52 | LP27: 101 | LQ27: 0 | LR27: 0 | LS27: 0 | LT27: 50 | LU27: 25 | LV27: 52 | LW27: 0 | LX27: 0 | LY27: 25 | LZ27: 0 | MA27: 0 | MB27: 0 | MC27: 0 | MD27: 104 | ME27: 0 | MF27: 0 | MG27: 26 | MH27: 0 | MI27: 0 | MJ27: 183 | MK27: 0 | ML27: 0 | MM27: 52 | MN27: 0 | MO27: 0 | MP27: 76 | MQ27: 25 | MR27: 51 | MS27: 0 | MT27: 0 | MU27: 49 | MV27: 0 | MW27: 76 | MX27: 0 | MY27: 0 | MZ27: 0 | NA27: =IF(TODAY()<=NA21,NA61,NA65) -> 0 | NB27: =IF(TODAY()<=NB21,NB61,NB65) -> 0 | NC27: =IF(TODAY()<=NC21,NC61,NC65) -> 0
A28: Outbound | C28: 0.11587975 | D28: 0.17241076 | E28: 0.17450645 | F28: 0.13667823 | G28: 0.20990437 | H28: 0.1309709 | I28: 0.15795101 | J28: 0.17042046 | K28: 0.16371362 | L28: 0.17511386 | M28: 0.084120196 | N28: 0.11770995 | O28: 0.1182461 | P28: 0.1523393 | Q28: 0.16536743 | R28: 0.17532302 | S28: 0.15714267 | T28: 0.098079994 | U28: 0.1335015 | V28: 0.1658137 | W28: 0.193966 | X28: 0.19322994 | Y28: 0.15282432 | Z28: 0.13271677 | AA28: 0.079953931 | AB28: 0.081495337 | AC28: 0.1658137 | AD28: 0.193966 | AE28: 0.19322994 | AF28: 0.15282432 | AG28: 0.13271677 | AH28: 0.079953931 | AI28: 0.081495337 | AJ28: 0.078720744 | AK28: 0.11189969 | AL28: 0.11587975 | AM28: 0.17241076 | AN28: 0.17450645 | AO28: 0.13667823 | AP28: 0.20990437 | AQ28: 0.1309709 | AR28: 0.15795101 | AS28: 0.17042046 | AT28: 0.16371362 | AU28: 0.17511386 | AV28: 0.084120196 | AW28: 0.11770995 | AX28: 0.1182461 | AY28: 0.1523393 | AZ28: 0.16536743 | BA28: 0.17532302 | BB28: 0.15714267 | BC28: 0.098079994 | BD28: 0.1335015 | BE28: 0.1658137 | BF28: 0.193966 | BG28: 0.19322994 | BH28: 0.15282432 | BI28: 0.13271677 | BJ28: 0.070906825 | BK28: 0.074731595 | BL28: 0.083097878 | BM28: 0.12174256 | BN28: 0.15114538 | BO28: 0.1384702 | BP28: 0.17390668 | BQ28: 0.13509315 | BR28: 0.19654415 | BS28: 0.16794225 | BT28: 0.19410519 | BU28: 0.19031917 | BV28: 0.16191717 | BW28: 0.12297129 | BX28: 0.061974163 | BY28: 0.10077078 | BZ28: 0.13643843 | CA28: 0.14847302 | CB28: 0.1718031 | CC28: 0.17881746 | CD28: 0.15322828 | CE28: 0.07531725 | CF28: 0.13592247 | CG28: 0.16136887 | CH28: 0.177176 | CI28: 0.18506518 | CJ28: 0.17127109 | CK28: 0.15948044 | CL28: 0.070906825 | CM28: 0.074731595 | CN28: 0.083097878 | CO28: 0.12174256 | CP28: 0.15114538 | CQ28: 0.1384702 | CR28: 0.17390668 | CS28: 0.13509315 | CT28: 0.19654415 | CU28: 0.16794225 | CV28: 0.19410519 | CW28: 0.19031917 | CX28: 0.16191717 | CY28: 0.12297129 | CZ28: 0.061974163 | DA28: 0.10077078 | DB28: 0.13643843 | DC28: 0.14847302 | DD28: 0.1718031 | DE28: 0.17881746 | DF28: 0.15322828 | DG28: 0.07531725 | DH28: 0.13592247 | DI28: 0.16136887 | DJ28: 0.177176 | DK28: 0.18506518 | DL28: 0.17127109 | DM28: 0.15948044 | DN28: 0.070906825 | DO28: 0.074731595 | DP28: 0.16136887 | DQ28: 0.177176 | DR28: 0.18506518 | DS28: 0.17127109 | DT28: 0.15948044 | DU28: 0.13509315 | DV28: 0.19654415 | DW28: 0.083097878 | DX28: 0.19410519 | DY28: 0.19031917 | DZ28: 0.16191717 | EA28: 0.12297129 | EB28: 0.061974163 | EC28: 0.10077078 | ED28: 0.16794225 | EE28: 0.14847302 | EF28: 0.1718031 | EG28: 0.17881746 | EH28: 0.15322828 | EI28: 0.07531725 | EJ28: 0.13592247 | EK28: 0.13643843 | EL28: 0.177176 | EM28: 0.18506518 | EN28: 0.17127109 | EO28: 0.15948044 | EP28: 0.070906825 | EQ28: 0.074731595 | ER28: 0.16136887 | ES28: 0.177176 | ET28: 0.18506518 | EU28: 0.17127109 | EV28: 0.15948044 | EW28: 0.070906825 | EX28: 0.20990437 | EY28: 0.078720744 | EZ28: 0.11189969 | FA28: 0.11587975 | FB28: 0.17241076 | FC28: 0.17450645 | FD28: 0.13667823 | FE28: 0.20990437 | FF28: 0.078720744 | FG28: 0.15795101 | FH28: 0.17042046 | FI28: 0.16371362 | FJ28: 0.17511386 | FK28: 0.084120196 | FL28: 0.11770995 | FM28: 0.1309709 | FN28: 0.1523393 | FO28: 0.16536743 | FP28: 0.17532302 | FQ28: 0.15714267 | FR28: 0.098079994 | FS28: 0.1335015 | FT28: 0.1182461 | FU28: 0.193966 | FV28: 0.19322994 | FW28: 0.15282432 | FX28: 0.13271677 | FY28: 0.079953931 | FZ28: 0.081495337 | GA28: 0.1658137 | GB28: 0.11189969 | GC28: 0.11587975 | GD28: 0.17241076 | GE28: 0.17450645 | GF28: 0.13667823 | GG28: 0.20990437 | GH28: 0.078720744 | GI28: 0.15795101 | GJ28: 0.17042046 | GK28: 0.16371362 | GL28: 0.17511386 | GM28: 0.084120196 | GN28: 0.11770995 | GO28: 0.1309709 | GP28: 0.1523393 | GQ28: 0.16536743 | GR28: 0.17532302 | GS28: 0.15714267 | GT28: 0.098079994 | GU28: 0.1335015 | GV28: 0.1182461 | GW28: 0.193966 | GX28: 0.19322994 | GY28: 0.15282432 | GZ28: 0.13271677 | HA28: 0.079953931 | HB28: 0.081495337 | HC28: 0.1658137 | HD28: 0.193966 | HE28: 0.19322994 | HF28: 0.15282432 | HG28: 0.17450645 | HH28: 0.13667823 | HI28: 0.20990437 | HJ28: 0.078720744 | HK28: 0.15795101 | HL28: 0.17042046 | HM28: 0.16371362 | HN28: 0.17511386 | HO28: 0.084120196 | HP28: 0.11770995 | HQ28: 0.1309709 | HR28: 0.1523393 | HS28: 0.16536743 | HT28: 0.17532302 | HU28: 0.15714267 | HV28: 0.098079994 | HW28: 0.1335015 | HX28: 0.1182461 | HY28: 0.193966 | HZ28: 0.19322994 | IA28: 0.15282432 | IB28: 0.13271677 | IC28: 0.079953931 | ID28: 0.081495337 | IE28: 0.1658137 | IF28: 0.193966 | IG28: 0.19322994 | IH28: 0.15282432 | II28: 0.13271677 | IJ28: 0.079953931 | IK28: 0.081495337 | IL28: 0.078720744 | IM28: 0.11189969 | IN28: 0.11587975 | IO28: 0.17241076 | IP28: 0.17450645 | IQ28: 0.13667823 | IR28: 0.20990437 | IS28: 0.078720744 | IT28: 0.15795101 | IU28: 0.17042046 | IV28: 0.16371362 | IW28: 0.17511386 | IX28: 0.084120196 | IY28: 0.11770995 | IZ28: 0.1309709 | JA28: 0.1523393 | JB28: 0.16536743 | JC28: 0.17532302 | JD28: 0.15714267 | JE28: 0.098079994 | JF28: 0.1335015 | JG28: 0.1182461 | JH28: 0.193966 | JI28: 0.19322994 | JJ28: 0.15282432 | JK28: 0.13271677 | JL28: 0.079953931 | JM28: 0.081495337 | JN28: 0.1658137 | JO28: 0.193966 | JP28: 0.15114538 | JQ28: 0.1384702 | JR28: 0.17390668 | JS28: 0.13509315 | JT28: 0.19654415 | JU28: 0.083097878 | JV28: 0.19410519 | JW28: 0.19031917 | JX28: 0.16191717 | JY28: 0.12297129 | JZ28: 0.061974163 | KA28: 0.10077078 | KB28: 0.16794225 | KC28: 0.14847302 | KD28: 0.1718031 | KE28: 0.17881746 | KF28: 0.15322828 | KG28: 0.07531725 | KH28: 0.13592247 | KI28: 0.13643843 | KJ28: 0.177176 | KK28: 0.18506518 | KL28: 0.17127109 | KM28: 0.15948044 | KN28: 0.070906825 | KO28: 0.074731595 | KP28: 0.16136887 | KQ28: 0.177176 | KR28: 0.18506518 | KS28: =_xlfn.XLOOKUP(KS3&KS4,'[1]2024 Daily ratio'!$M$87:$M$93,'[1]2024 Daily ratio'!$H$87:$H$93,0,0,1)+_xlfn.XLOOKUP(KS3&KS4,'[1]2024 Daily ratio'!$N$87:$N$93,'[1]2024 Daily ratio'!$I$87:$I$93,0,0,1)+_xlfn.XLOOKUP(KS3&KS4,'[1]2024 Daily ratio'!$O$87:$O$93,'[1]2024 Daily ratio'!$J$87:$J$93,0,0,1)+_xlfn.XLOOKUP(KS3&KS4,'[1]2024 Daily ratio'!$P$87:$P$93,'[1]2024 Daily ratio'!$K$87:$K$93,0,0,1) -> 0.17127109 | KT28: 0.15948044 | KU28: 0.13509315 | KV28: 0.19654415 | KW28: 0.083097878 | KX28: 0.12174256 | KY28: 0.15114538 | KZ28: 0.1384702 | LA28: 0.17390668 | LB28: 0.13509315 | LC28: 0.19654415 | LD28: 0.083097878 | LE28: 0.19410519 | LF28: 0.19031917 | LG28: 0.16191717 | LH28: 0.12297129 | LI28: 0.061974163 | LJ28: 0.10077078 | LK28: 0.16794225 | LL28: 0.14847302 | LM28: 0.1718031 | LN28: 0.17881746 | LO28: 0.15322828 | LP28: 0.07531725 | LQ28: 0.13592247 | LR28: 0.13643843 | LS28: 0.177176 | LT28: 0.18506518 | LU28: 0.17127109 | LV28: 0.15948044 | LW28: 0.070906825 | LX28: 0.074731595 | LY28: 0.083097878 | LZ28: 0.12174256 | MA28: 0.15114538 | MB28: 0.1384702 | MC28: 0.17390668 | MD28: 0.13509315 | ME28: 0.19654415 | MF28: 0.08 | MG28: 0.16 | MH28: 0.17 | MI28: 0.17 | MJ28: 0.16 | MK28: 0.1 | ML28: 0.16 | MM28: 0.08 | MN28: 0.16 | MO28: 0.17 | MP28: 0.17 | MQ28: 0.16 | MR28: 0.1 | MS28: 0.16 | MT28: 0.08 | MU28: 0.16 | MV28: 0.17 | MW28: 0.17 | MX28: 0.16 | MY28: 0.1 | MZ28: 0.16 | NA28: 0.08 | NB28: 0.16 | NC28: 0.17
A29: Daily sales forecast | C29: 769 | D29: 940 | E29: 835 | F29: 434 | G29: 1328 | H29: 970 | I29: 1773 | J29: 2159 | K29: 2178 | L29: 1664 | M29: 1019 | N29: 1537 | O29: 1934 | P29: 2175 | Q29: 1567 | R29: 1438 | S29: 1048 | T29: 731 | U29: 1540 | V29: 1060 | W29: 1852 | X29: 2060 | Y29: 1470 | Z29: 1192 | AA29: 992 | AB29: 1529 | AC29: 1077 | AD29: 1815 | AE29: 1731 | AF29: 2246 | AG29: 1989 | AH29: 469 | AI29: 1258 | AJ29: 797 | AK29: 1253 | AL29: 1787 | AM29: 1899 | AN29: 1819 | AO29: 1392 | AP29: 1395 | AQ29: 1675 | AR29: 1652 | AS29: 2208 | AT29: 1972 | AU29: 2058 | AV29: 1592 | AW29: 2327 | AX29: 1818 | AY29: 2051 | AZ29: 2541 | BA29: 2717 | BB29: 2361 | BC29: 1524 | BD29: 2035 | BE29: 2711 | BF29: 2482 | BG29: 3416 | BH29: 3193 | BI29: 2084 | BJ29: 1158 | BK29: 1553 | BL29: 1555 | BM29: 1747 | BN29: 2127 | BO29: 2587 | BP29: 2609 | BQ29: 1464 | BR29: 1579 | BS29: 1851 | BT29: 2003 | BU29: 1913 | BV29: 1860 | BW29: 1767 | BX29: 1146 | BY29: 1799 | BZ29: 1832 | CA29: 2762 | CB29: 2297 | CC29: 2872 | CD29: 2017 | CE29: 1332 | CF29: 1118 | CG29: 1312 | CH29: 2311 | CI29: 2381 | CJ29: 3042 | CK29: 2949 | CL29: 4538 | CM29: 2447 | CN29: 1597 | CO29: 1615 | CP29: 1469 | CQ29: 1576 | CR29: 1703 | CS29: 1381 | CT29: 3208 | CU29: 3060 | CV29: 3771 | CW29: 4169 | CX29: 3774 | CY29: 3105 | CZ29: 1172 | DA29: 529 | DB29: 571 | DC29: 1552 | DD29: 2023 | DE29: 2195 | DF29: 2628 | DG29: 1588 | DH29: 1828 | DI29: 1797 | DJ29: 2547 | DK29: 2215 | DL29: 2261 | DM29: 2806 | DN29: 2661 | DO29: 2541 | DP29: 3895 | DQ29: 3985 | DR29: 1472 | DS29: 1269 | DT29: 1237 | DU29: 942 | DV29: 1735 | DW29: 1736 | DX29: 1952 | DY29: 1920 | DZ29: 1535 | EA29: 1861 | EB29: 1979 | EC29: 345 | ED29: 2369 | EE29: 2238 | EF29: 2104 | EG29: 1819 | EH29: 1520 | EI29: 33 | EJ29: 1757 | EK29: 1887 | EL29: 2285 | EM29: 2062 | EN29: 1585 | EO29: 1785 | EP29: 872 | EQ29: 1743 | ER29: 2396 | ES29: 2998 | ET29: 2389 | EU29: 2331 | EV29: 2719 | EW29: 1629 | EX29: 861 | EY29: 464 | EZ29: 897 | FA29: 670 | FB29: 835 | FC29: 735 | FD29: 1450 | FE29: 2650 | FF29: 1008 | FG29: 1207 | FH29: 1525 | FI29: 1680 | FJ29: 1675 | FK29: 857 | FL29: 1587 | FM29: 1829 | FN29: 2240 | FO29: 2234 | FP29: 2178 | FQ29: 2105 | FR29: 1058 | FS29: 2152 | FT29: 1860 | FU29: 2460 | FV29: 2114 | FW29: 2298 | FX29: 2587 | FY29: 2192 | FZ29: 2776 | GA29: 2215 | GB29: 904 | GC29: 451 | GD29: 459 | GE29: 492 | GF29: 634 | GG29: 1198 | GH29: 1096 | GI29: 1109 | GJ29: 757 | GK29: 610 | GL29: 761 | GM29: 393 | GN29: 1261 | GO29: 1122 | GP29: 1558 | GQ29: 1607 | GR29: 1581 | GS29: 1388 | GT29: 746 | GU29: 1634 | GV29: 1214 | GW29: 1653 | GX29: 1432 | GY29: 2233 | GZ29: 1911 | HA29: 1519 | HB29: 791 | HC29: 1835 | HD29: 2482 | HE29: 2588 | HF29: 1966 | HG29: 636 | HH29: 393 | HI29: 729 | HJ29: 1145 | HK29: 1511 | HL29: 1275 | HM29: 1592 | HN29: 1791 | HO29: 678 | HP29: 1468 | HQ29: 1306 | HR29: 1828 | HS29: 1655 | HT29: 2089 | HU29: 2382 | HV29: 1307 | HW29: 1451 | HX29: 2058 | HY29: 2512 | HZ29: 2419 | IA29: 1612 | IB29: 1320 | IC29: 658 | ID29: 1776 | IE29: 1579 | IF29: 2139 | IG29: 1939 | IH29: 2885 | II29: 2241 | IJ29: 1646 | IK29: 1151 | IL29: 694 | IM29: 1242 | IN29: 1193 | IO29: 1402 | IP29: 863 | IQ29: 490 | IR29: 1391 | IS29: 1007 | IT29: 1401 | IU29: 1224 | IV29: 1327 | IW29: 1051 | IX29: 169 | IY29: 1408 | IZ29: 1272 | JA29: 1987 | JB29: 1553 | JC29: 1688 | JD29: 1505 | JE29: 649 | JF29: 1416 | JG29: 1567 | JH29: 2084 | JI29: 2572 | JJ29: 2279 | JK29: 1979 | JL29: 1220 | JM29: 2177 | JN29: 2065 | JO29: 1324 | JP29: 823 | JQ29: 1256 | JR29: 915 | JS29: 525 | JT29: 1393 | JU29: 1360 | JV29: 1288 | JW29: 829.81841 | JX29: 1602 | JY29: 1508 | JZ29: 693 | KA29: 895 | KB29: 1592 | KC29: 1554 | KD29: 2406 | KE29: 2461 | KF29: 1588 | KG29: 606 | KH29: 1680 | KI29: 1643 | KJ29: 2395 | KK29: 1183 | KL29: 2102 | KM29: 1550 | KN29: 730 | KO29: 2581 | KP29: 2073 | KQ29: 2587 | KR29: 2630 | KS29: 1800 | KT29: 1144 | KU29: 354 | KV29: 1239 | KW29: 844 | KX29: 1359 | KY29: 1935 | KZ29: 1410 | LA29: 1615 | LB29: 644 | LC29: 2021 | LD29: 2214 | LE29: 2351 | LF29: 1895 | LG29: 1991 | LH29: 1675 | LI29: 58.65 | LJ29: 1685 | LK29: 1851 | LL29: 2801 | LM29: 2256 | LN29: 1844 | LO29: 1598 | LP29: 707 | LQ29: 1917 | LR29: 1890 | LS29: 2146 | LT29: 1854 | LU29: 2333 | LV29: 3157 | LW29: 2216 | LX29: 390 | LY29: 734 | LZ29: 1253 | MA29: 1278 | MB29: 724 | MC29: 812 | MD29: 460 | ME29: 1575 | MF29: 1152 | MG29: 2187 | MH29: 2173 | MI29: 2064 | MJ29: 1983 | MK29: 898 | ML29: 1833 | MM29: 1599 | MN29: 2687 | MO29: 2265 | MP29: 2266 | MQ29: 1904 | MR29: =IF(TODAY()<=MR21,MR58,MR63) -> 853 | MS29: 2058 | MT29: 2281 | MU29: 2344 | MV29: 2605 | MW29: 2987 | MX29: 2702 | MY29: 1568 | MZ29: 597 | NA29: =IF(TODAY()<=NA21,NA58,NA63)+200 -> 200 | NB29: =IF(TODAY()<=NB21,NB58,NB63) -> 0 | NC29: =IF(TODAY()<=NC21,NC58,NC63) -> 0
A30: Shuttle SR > RY | B30: 0 | C30: 0 | D30: 0 | E30: 214 | F30: 269 | G30: 402 | H30: 464 | I30: 423 | J30: 105 | K30: 37 | L30: 161 | M30: 285 | N30: 397 | O30: 86 | P30: 272 | Q30: 292 | R30: 110 | S30: 27 | T30: 219 | U30: 353 | V30: 80 | W30: 32 | X30: 111 | Y30: 78 | Z30: 169 | AA30: 340 | AB30: 231 | AC30: 241 | AD30: 282 | AE30: 108 | AF30: 219 | AG30: 121 | AH30: 384 | AI30: 382 | AJ30: 371 | AK30: 516 | AL30: 270 | AM30: 362 | AN30: 191 | AO30: 326 | AP30: 285 | AQ30: 136 | AR30: 203 | AS30: 148 | AT30: 174 | AU30: 187 | AV30: 138 | AW30: 78 | AX30: 130 | AY30: 232 | AZ30: 213 | BA30: 291 | BB30: 280 | BC30: 389 | BD30: 279 | BE30: 231 | BF30: 293 | BG30: 83 | BH30: 276 | BI30: 156 | BJ30: 290 | BK30: 388 | BL30: 178 | BM30: 218 | BN30: 216 | BO30: 353 | BP30: 419 | BQ30: 389 | BR30: 426 | BS30: 307 | BT30: 268 | BU30: 358 | BV30: 464 | BW30: 427 | BX30: 350 | BY30: 251 | BZ30: 343 | CA30: 191 | CB30: 238 | CC30: 439 | CD30: 382 | CE30: 442 | CF30: 430 | CG30: 389 | CH30: 338 | CI30: 441 | CJ30: 260 | CK30: 260 | CL30: 261 | CM30: 262 | CN30: 156 | CO30: 77 | CP30: 371 | CQ30: 489 | CR30: 377 | CS30: 378 | CT30: 452 | CU30: 364 | CV30: 509 | CW30: 292 | CX30: 96 | CY30: 372 | CZ30: 272 | DA30: 335 | DB30: 193 | DC30: 0 | DD30: 59 | DE30: 318 | DF30: 380 | DG30: 407 | DH30: 306 | DI30: 333 | DJ30: 336 | DK30: 416 | DL30: 393 | DM30: 441 | DN30: 268 | DO30: 144 | DP30: 205 | DQ30: 155 | DR30: 162 | DS30: 217 | DT30: 208 | DU30: 250 | DV30: 240 | DW30: 315 | DX30: 314 | DY30: 225 | DZ30: 88 | EA30: 261 | EB30: 321 | EC30: 0 | ED30: 70 | EE30: 191 | EF30: 216 | EG30: 313 | EH30: 0 | EI30: 312 | EJ30: 312 | EK30: 288 | EL30: 264 | EM30: 264 | EN30: 173 | EO30: 120 | EP30: 378 | EQ30: 239 | ER30: 247 | ES30: 264 | ET30: 240 | EU30: 337 | EV30: 168 | EW30: 263 | EX30: 288 | EY30: 236 | EZ30: 48 | FA30: 226 | FB30: 206 | FC30: 282 | FD30: 336 | FE30: 156 | FF30: 346 | FG30: 191 | FH30: 263 | FI30: 195 | FJ30: 85 | FK30: 279 | FL30: 123 | FM30: 201 | FN30: 142 | FO30: 135 | FP30: 378 | FQ30: 398 | FR30: 402 | FS30: 278 | FT30: 200 | FU30: 331 | FV30: 234 | FW30: 378 | FX30: 288 | FY30: 153 | FZ30: 431 | GA30: 226 | GB30: 354 | GC30: 159 | GD30: 380 | GE30: 356 | GF30: 332 | GG30: 358 | GH30: 373 | GI30: 384 | GJ30: 167 | GK30: 111 | GL30: 251 | GM30: 460 | GN30: 236 | GO30: 243 | GP30: 91 | GQ30: 198 | GR30: 202 | GS30: 277 | GT30: 232 | GU30: 226 | GV30: 96 | GW30: 151 | GX30: 58 | GY30: 151 | GZ30: 81 | HA30: 73 | HB30: 120 | HC30: 282 | HD30: 125 | HE30: 33 | HF30: 154 | HG30: 122 | HH30: 166 | HI30: 351 | HJ30: 291 | HK30: 182 | HL30: 202 | HM30: 163 | HN30: 177 | HO30: 241 | HP30: 435 | HQ30: 364 | HR30: 282 | HS30: 280 | HT30: 205 | HU30: 181 | HV30: 260 | HW30: 315 | HX30: 257 | HY30: 240 | HZ30: 135 | IA30: 478 | IB30: 291 | IC30: 181 | ID30: 365 | IE30: 288 | IF30: 168 | IG30: 160 | IH30: 294 | II30: 102 | IJ30: 206 | IK30: 174 | IL30: 263 | IM30: 157 | IN30: 29 | IO30: 242 | IP30: 260 | IQ30: 279 | IR30: 437 | IS30: 253 | IT30: 0 | IU30: 168 | IV30: 340 | IW30: 208 | IX30: 215 | IY30: 596 | IZ30: 519 | JA30: 104 | JB30: 130 | JC30: 156 | JD30: 212 | JE30: 390 | JF30: 390 | JG30: 156 | JH30: 155 | JI30: 78 | JJ30: 301 | JK30: 179 | JL30: 377 | JM30: 323 | JN30: 218 | JO30: 171 | JP30: 211 | JQ30: 78 | JR30: 103 | JS30: 598 | JT30: 312 | JU30: 94 | JV30: 261 | JW30: 600 | JX30: 311 | JY30: 180 | JZ30: 547 | KA30: 367 | KB30: 363 | KC30: 50 | KD30: 0 | KE30: 312 | KF30: 156 | KG30: 348 | KH30: 454 | KI30: 182 | KJ30: 129 | KK30: 106 | KL30: 598 | KM30: 415 | KN30: 233 | KO30: 359 | KP30: 289 | KQ30: 208 | KR30: 208 | KS30: 204 | KT30: 208 | KU30: 572 | KV30: 338 | KW30: 50 | KX30: 50 | KY30: 26 | KZ30: 168 | LA30: 235 | LB30: 549 | LC30: 263 | LD30: 52 | LE30: 133 | LF30: 187 | LG30: 192 | LH30: 128 | LI30: 3 | LJ30: 598 | LK30: 151 | LL30: 27 | LM30: 211 | LN30: 336 | LO30: 205 | LP30: 160 | LQ30: 205 | LR30: 0 | LS30: 23 | LT30: 75 | LU30: 79 | LV30: 208 | LW30: 311 | LX30: 257 | LY30: 78 | LZ30: 284 | MA30: 182 | MB30: 233 | MC30: 260 | MD30: 339 | ME30: 414 | MF30: 258 | MG30: 338 | MH30: 245 | MI30: 184 | MJ30: 177 | MK30: 317 | ML30: 249 | MM30: 282 | MN30: 235 | MO30: 105 | MP30: 184 | MQ30: 442 | MR30: 183 | MS30: 172 | MT30: 81 | MU30: 153 | MV30: 140 | MW30: 82 | MX30: 241 | MY30: 232 | MZ30: 100 | NA30: =IF(TODAY()<=NA21,NA60,NA64) -> 0 | NB30: =IF(TODAY()<=NB21,NB60,NB64) -> 0 | NC30: =IF(TODAY()<=NC21,NC60,NC64) -> 0
EL31: 264
A32: Warehouse
A33: WH capacity (100% Capacity) | B33: 15328 | C33: 14703 | D33: 14703 | E33: 14703 | F33: 14703 | G33: 14703 | H33: 14703 | I33: 14703 | J33: 14703 | K33: 14703 | L33: 14703 | M33: 14703 | N33: 14703 | O33: 14703 | P33: 14703 | Q33: 14703 | R33: 14703 | S33: 14703 | T33: 14703 | U33: 14703 | V33: 14703 | W33: 14703 | X33: 14703 | Y33: 14703 | Z33: 14703 | AA33: 14703 | AB33: 14703 | AC33: 14703 | AD33: 14703 | AE33: 14703 | AF33: 14703 | AG33: 14703 | AH33: 14721 | AI33: 14721 | AJ33: 14721 | AK33: 14721 | AL33: 14721 | AM33: 14721 | AN33: 14721 | AO33: 14721 | AP33: 14721 | AQ33: 14721 | AR33: 14721 | AS33: 14721 | AT33: 14721 | AU33: 14721 | AV33: 14721 | AW33: 14721 | AX33: 14721 | AY33: 14721 | AZ33: 14721 | BA33: 14721 | BB33: 14721 | BC33: 14721 | BD33: 14721 | BE33: 16988 | BF33: 16988 | BG33: 16988 | BH33: 16988 | BI33: 16988 | BJ33: 16988 | BK33: 16988 | BL33: 16988 | BM33: 16988 | BN33: 15328 | BO33: 17328 | BP33: 17328 | BQ33: 17328 | BR33: 17328 | BS33: 17328 | BT33: 17328 | BU33: 18000 | BV33: 18000 | BW33: 18000 | BX33: 18000 | BY33: 18000 | BZ33: 18000 | CA33: 18000 | CB33: 18000 | CC33: 18000 | CD33: 18000 | CE33: 18000 | CF33: 18000 | CG33: 19500 | CH33: 19500 | CI33: 19500 | CJ33: 19500 | CK33: 19500 | CL33: 19500 | CM33: 19500 | CN33: 18329 | CO33: 18329 | CP33: 18329 | CQ33: 18329 | CR33: 18329 | CS33: 18329 | CT33: 18329 | CU33: 18329 | CV33: 18329 | CW33: 18329 | CX33: 18329 | CY33: 18329 | CZ33: 18329 | DA33: 18329 | DB33: 19000 | DC33: 19000 | DD33: 19000 | DE33: 19000 | DF33: 19000 | DG33: 19000 | DH33: 19000 | DI33: 19000 | DJ33: 19000 | DK33: 19000 | DL33: 19000 | DM33: 19000 | DN33: 19000 | DO33: 19000 | DP33: 19000 | DQ33: 19000 | DR33: 19000 | DS33: 19000 | DT33: 19000 | DU33: 19000 | DV33: 19000 | DW33: 19000 | DX33: 19000 | DY33: 19000 | DZ33: 19000 | EA33: 19000 | EB33: 19000 | EC33: 19000 | ED33: 19000 | EE33: 19000 | EF33: 19000 | EG33: 19000 | EH33: 19000 | EI33: 19000 | EJ33: 19000 | EK33: 19000 | EL33: 19000 | EM33: 19000 | EN33: 19000 | EO33: 19000 | EP33: 19000 | EQ33: 19000 | ER33: 19000 | ES33: 19000 | ET33: 19000 | EU33: 19000 | EV33: 19000 | EW33: 19000 | EX33: 18225 | EY33: 18225 | EZ33: 18225 | FA33: 18225 | FB33: 18225 | FC33: 18225 | FD33: 18225 | FE33: 18225 | FF33: 18225 | FG33: 18225 | FH33: 18225 | FI33: 18225 | FJ33: 18225 | FK33: 18225 | FL33: 18225 | FM33: 18225 | FN33: 18225 | FO33: 18225 | FP33: 18225 | FQ33: 18225 | FR33: 18225 | FS33: 18225 | FT33: 18225 | FU33: 18225 | FV33: 18225 | FW33: 18225 | FX33: 18225 | FY33: 18225 | FZ33: 18225 | GA33: 18225 | GB33: 18028 | GC33: 18028 | GD33: 18028 | GE33: 18028 | GF33: 18028 | GG33: 18028 | GH33: 18028 | GI33: 18028 | GJ33: 18028 | GK33: 18028 | GL33: 18028 | GM33: 18028 | GN33: 18028 | GO33: 18028 | GP33: 18028 | GQ33: 18028 | GR33: 18028 | GS33: 18028 | GT33: 18028 | GU33: 18028 | GV33: 18028 | GW33: 18028 | GX33: 18028 | GY33: 18028 | GZ33: 18028 | HA33: 18028 | HB33: 18028 | HC33: 18028 | HD33: 18028 | HE33: 18028 | HF33: 18028 | HG33: 18028 | HH33: 18028 | HI33: 18028 | HJ33: 18028 | HK33: 18028 | HL33: 18028 | HM33: 18028 | HN33: 18028 | HO33: 18028 | HP33: 18028 | HQ33: 18028 | HR33: 18028 | HS33: 18028 | HT33: 18028 | HU33: 18028 | HV33: 18028 | HW33: 18028 | HX33: 18028 | HY33: 18028 | HZ33: 18028 | IA33: 18028 | IB33: 18028 | IC33: 18028 | ID33: 18028 | IE33: 18028 | IF33: 18028 | IG33: 18028 | IH33: 18028 | II33: 18028 | IJ33: 18028 | IK33: 18028 | IL33: 18028 | IM33: 18028 | IN33: 18028 | IO33: 18028 | IP33: 18028 | IQ33: 18028 | IR33: 18028 | IS33: 18028 | IT33: 18028 | IU33: 18028 | IV33: 18028 | IW33: 18028 | IX33: 18028 | IY33: 18028 | IZ33: 18028 | JA33: 18028 | JB33: 18028 | JC33: 18028 | JD33: 18028 | JE33: 18028 | JF33: 18028 | JG33: 17828 | JH33: 17828 | JI33: 17828 | JJ33: 17828 | JK33: 17828 | JL33: 17828 | JM33: 17828 | JN33: 17828 | JO33: 17828 | JP33: 17828 | JQ33: 17828 | JR33: 17828 | JS33: 17828 | JT33: 17828 | JU33: 17828 | JV33: 17828 | JW33: 17828 | JX33: 17828 | JY33: 17828 | JZ33: 17828 | KA33: 17828 | KB33: 17828 | KC33: 17828 | KD33: 17828 | KE33: 17828 | KF33: 17828 | KG33: 17828 | KH33: 17828 | KI33: 17828 | KJ33: 17828 | KK33: 17828 | KL33: 17828 | KM33: 17828 | KN33: 17828 | KO33: 17828 | KP33: 17828 | KQ33: 17828 | KR33: 18408 | KS33: 18408 | KT33: 18408 | KU33: 18408 | KV33: 18408 | KW33: 18408 | KX33: 18408 | KY33: 18408 | KZ33: 18408 | LA33: 18408 | LB33: 18408 | LC33: 18408 | LD33: 18008 | LE33: 22735 | LF33: 22735 | LG33: 22735 | LH33: 22735 | LI33: 22735 | LJ33: 22735 | LK33: 22735 | LL33: 22735 | LM33: 22735 | LN33: 22735 | LO33: 22735 | LP33: 22735 | LQ33: 22735 | LR33: 22735 | LS33: 22735 | LT33: 22735 | LU33: 22735 | LV33: 22735 | LW33: 22735 | LX33: 22735 | LY33: 19784 | LZ33: 19784 | MA33: 19784 | MB33: 19784 | MC33: 19536 | MD33: 19536 | ME33: 19536 | MF33: 19536 | MG33: 19536 | MH33: 19536 | MI33: 19536 | MJ33: 19536 | MK33: 19536 | ML33: 19536 | MM33: 19536 | MN33: 19536 | MO33: 19536 | MP33: 19536 | MQ33: 19536 | MR33: 19536 | MS33: 19536 | MT33: 19536 | MU33: 19536 | MV33: 19536 | MW33: 19536 | MX33: 19536 | MY33: 19536 | MZ33: 19536 | NA33: 19536 | NB33: 19536 | NC33: 19536
A34: Begin Inventory | C34: 9637 | D34: 8496 | E34: 8823 | F34: 10185 | G34: 12331 | H34: 13252 | I34: 14244 | J34: 13789 | K34: 11469 | L34: 10158 | M34: 9725 | N34: 11061 | O34: 11942 | P34: 12783 | Q34: 10549 | R34: 9937 | S34: 10392 | T34: 11439 | U34: 13047 | V34: 13535 | W34: 14385 | X34: 13984 | Y34: 13278 | Z34: 11903 | AA34: 11522 | AB34: 13005 | AC34: 13836 | AD34: 14292 | AE34: 13601 | AF34: 12950 | AG34: 12443 | AH34: 11748 | AI34: 12723 | AJ34: 12694 | AK34: 13091 | AL34: 13819 | AM34: 12855 | AN34: 12369 | AO34: 12334 | AP34: 12833 | AQ34: 13900 | AR34: 13715 | AS34: 14554 | AT34: 14683 | AU34: 14660 | AV34: 14401 | AW34: 12556 | AX34: 13145 | AY34: 12962 | AZ34: 13078 | BA34: 13020 | BB34: 12355 | BC34: 12384 | BD34: 12384 | BE34: 12899 | BF34: 11961 | BG34: 11679 | BH34: 11167 | BI34: 10536 | BJ34: 11047 | BK34: 12126 | BL34: 13607 | BM34: 14621 | BN34: 15740 | BO34: 16011 | BP34: 15868 | BQ34: 15540 | BR34: 16434 | BS34: 17106 | BT34: 16387 | BU34: 16550 | BV34: 17007 | BW34: 17550 | BX34: 16671 | BY34: 16538 | BZ34: 16959 | CA34: 17084 | CB34: 16372 | CC34: 16095 | CD34: 15556 | CE34: 14882 | CF34: 15963 | CG34: 16335 | CH34: 17432 | CI34: 17570 | CJ34: 18109 | CK34: 17385 | CL34: 16819 | CM34: 17029 | CN34: 16817 | CO34: 16852 | CP34: 17662 | CQ34: 18183 | CR34: 18161 | CS34: 18048 | CT34: 18605 | CU34: 17075 | CV34: 16275 | CW34: 14511 | CX34: 12080 | CY34: 10025 | CZ34: 9017 | DA34: 10201 | DB34: 12264 | DC34: 14852 | DD34: 16290 | DE34: 16626 | DF34: 16974 | DG34: 16370 | DH34: 16933 | DI34: 17276 | DJ34: 17662 | DK34: 18549 | DL34: 18697 | DM34: 17623 | DN34: 17166 | DO34: 16634 | DP34: 15770 | DQ34: 13702 | DR34: 12280 | DS34: 12824 | DT34: 12799 | DU34: 13927 | DV34: 15530 | DW34: 16669 | DX34: 17157 | DY34: 17622 | DZ34: 18239 | EA34: 18797 | EB34: 18364 | EC34: 16822 | ED34: 17140 | EE34: 16393 | EF34: 15878 | EG34: 16360 | EH34: 17386 | EI34: 17850 | EJ34: 18218 | EK34: 18236 | EL34: 17175 | EM34: 15706 | EN34: 15080 | EO34: 15703 | EP34: 16519 | EQ34: 17743 | ER34: 17776 | ES34: 17006 | ET34: 15915 | EU34: 14791 | EV34: 14177 | EW34: 13805 | EX34: 14720 | EY34: 15945 | EZ34: 17104 | FA34: 17832 | FB34: 18933 | FC34: 19983 | FD34: 19160 | FE34: 17723 | FF34: 15637 | FG34: 15112 | FH34: 15097 | FI34: 14411 | FJ34: 14166 | FK34: 13965 | FL34: 16053 | FM34: 17844 | FN34: 17551 | FO34: 17713 | FP34: 17154 | FQ34: 16027 | FR34: 15313 | FS34: 15607 | FT34: 15465 | FU34: 14720 | FV34: 13859 | FW34: 14180 | FX34: 13836 | FY34: 13586 | FZ34: 13421 | GA34: 12592 | GB34: 10872 | GC34: 10806 | GD34: 12469 | GE34: 13980 | GF34: 15643 | GG34: 17255 | GH34: 18877 | GI34: 17793 | GJ34: 16690 | GK34: 16246 | GL34: 16409 | GM34: 15929 | GN34: 15617 | GO34: 14777 | GP34: 17113 | GQ34: 17068 | GR34: 16734 | GS34: 15844 | GT34: 15488 | GU34: 15034 | GV34: 13676 | GW34: 13520 | GX34: 13231 | GY34: 13368 | GZ34: 12571 | HA34: 12331 | HB34: 13229 | HC34: 14417 | HD34: 13525 | HE34: 12158 | HF34: 11465 | HG34: 10781 | HH34: 11706 | HI34: 13237 | HJ34: 14826 | HK34: 14588 | HL34: 13879 | HM34: 14102 | HN34: 13850 | HO34: 13900 | HP34: 14805 | HQ34: 14635 | HR34: 13742 | HS34: 13124 | HT34: 13200 | HU34: 13023 | HV34: 12667 | HW34: 13184 | HX34: 13591 | HY34: 12970 | HZ34: 11628 | IA34: 10159 | IB34: 10322 | IC34: 10680 | ID34: 11406 | IE34: 10701 | IF34: 11254 | IG34: 11033 | IH34: 11340 | II34: 10848 | IJ34: 11656 | IK34: 11294 | IL34: 11271 | IM34: 11754 | IN34: 12296 | IO34: 13440 | IP34: 13689 | IQ34: 14371 | IR34: 15448 | IS34: 14578 | IT34: 14043 | IU34: 13653 | IV34: 13650 | IW34: 14133 | IX34: 14987 | IY34: 15933 | IZ34: 16754 | JA34: 17061 | JB34: 16145 | JC34: 14894 | JD34: 13791 | JE34: 14332 | JF34: 15774 | JG34: 16433 | JH34: 16809 | JI34: 16346 | JJ34: 14598 | JK34: 13011 | JL34: 12827 | JM34: 13367 | JN34: 11943 | JO34: 12754 | JP34: 12908 | JQ34: 13832 | JR34: 13261 | JS34: 12815 | JT34: 13263 | JU34: 13903 | JV34: 13189 | JW34: 13276 | JX34: 13724 | JY34: 13724 | JZ34: 12822 | KA34: 13991 | KB34: 13990 | KC34: 12933 | KD34: 11685 | KE34: 10896 | KF34: 10179 | KG34: 10114 | KH34: 11768 | KI34: 12632 | KJ34: 12827 | KK34: 13828 | KL34: 13828 | KM34: 11856 | KN34: 11784 | KO34: 12480 | KP34: 11736 | KQ34: 10689 | KR34: 10376 | KS34: 9910 | KT34: 10287 | KU34: 11383 | KV34: 12258 | KW34: 12778 | KX34: 14061 | KY34: 14652 | KZ34: 13985 | LA34: 14585 | LB34: 15197 | LC34: 16165 | LD34: 16061 | LE34: 16637 | LF34: 16139 | LG34: 15813 | LH34: 16137 | LI34: 16510 | LJ34: 15722 | LK34: 15277 | LL34: 15006 | LM34: 13397 | LN34: 11963 | LO34: 11034 | LP34: 11047 | LQ34: 12080 | LR34: 11748 | LS34: 12214 | LT34: 11712 | LU34: 10837 | LV34: 9433 | LW34: 9192 | LX34: 9322 | LY34: 11294 | LZ34: 12962 | MA34: 13690 | MB34: 14559 | MC34: 15294 | MD34: 16203 | ME34: 16487 | MF34: 16244 | MG34: 15803 | MH34: 14140 | MI34: 12635 | MJ34: 11212 | MK34: 11311 | ML34: 11560 | MM34: 14278 | MN34: 14708 | MO34: 13469 | MP34: 12890 | MQ34: 12123 | MR34: 11614 | MS34: 12506 | MT34: 11478 | MU34: 11817 | MV34: 12087 | MW34: 11915 | MX34: 11731 | MY34: 13151 | MZ34: 13151 | NA34: 14159 | NB34: =SUMIFS('[1]Inv-SCP'!$V:$V,'[1]Inv-SCP'!$B:$B,'Demand vs Supply forecast'!NB$2,'[1]Inv-SCP'!$J:$J,7102) -> 0 | NC34: =SUMIFS('[1]Inv-SCP'!$V:$V,'[1]Inv-SCP'!$B:$B,'Demand vs Supply forecast'!NC$2,'[1]Inv-SCP'!$J:$J,7102) -> 0
A35: Ending inventory | B35: 12535 | C35: 8496 | D35: 8823 | E35: 10185 | F35: 12331 | G35: 13252 | H35: 14244 | I35: 13789 | J35: 11469 | K35: 10158 | L35: 9725 | M35: 11061 | N35: 11942 | O35: 12783 | P35: 10549 | Q35: 9937 | R35: 10392 | S35: 11439 | T35: 13047 | U35: 13535 | V35: 14385 | W35: 13984 | X35: 13278 | Y35: 11903 | Z35: 11522 | AA35: 13005 | AB35: 13836 | AC35: 14292 | AD35: 13601 | AE35: 12950 | AF35: 12443 | AG35: 11748 | AH35: 12723 | AI35: 12694 | AJ35: 13091 | AK35: 13819 | AL35: 12855 | AM35: 12369 | AN35: 12334 | AO35: 12833 | AP35: 13900 | AQ35: 13715 | AR35: 14554 | AS35: 14683 | AT35: 14660 | AU35: 14401 | AV35: 12556 | AW35: 13145 | AX35: 12962 | AY35: 13078 | AZ35: 13020 | BA35: 12355 | BB35: 12384 | BC35: 12384 | BD35: 12899 | BE35: 11961 | BF35: 11679 | BG35: 11167 | BH35: 10536 | BI35: 11047 | BJ35: 12126 | BK35: 13607 | BL35: 14621 | BM35: 15740 | BN35: 16011 | BO35: 15868 | BP35: 15540 | BQ35: 16434 | BR35: 17106 | BS35: 16387 | BT35: 16550 | BU35: 17007 | BV35: 16687 | BW35: 16671 | BX35: 16538 | BY35: 16959 | BZ35: 17084 | CA35: 16372 | CB35: 16095 | CC35: 15556 | CD35: 14882 | CE35: 15963 | CF35: 16335 | CG35: 17432 | CH35: 17570 | CI35: 18109 | CJ35: 17385 | CK35: 16819 | CL35: 17029 | CM35: 16817 | CN35: 16852 | CO35: 17662 | CP35: 18183 | CQ35: 18161 | CR35: 18048 | CS35: 18605 | CT35: 17075 | CU35: 16275 | CV35: 14511 | CW35: 12080 | CX35: 10025 | CY35: 7440 | CZ35: 11051.296 | DA35: 12264 | DB35: 14852 | DC35: 16290 | DD35: 16626 | DE35: 16974 | DF35: 16370 | DG35: 16933 | DH35: 17276 | DI35: 17662 | DJ35: 18549 | DK35: 18697 | DL35: 17623 | DM35: 17166 | DN35: 16634 | DO35: 15770 | DP35: 13702 | DQ35: 12280 | DR35: 12824 | DS35: 12799 | DT35: 13927 | DU35: 15530 | DV35: 16669 | DW35: 17157 | DX35: 17622 | DY35: 18239 | DZ35: 18797 | EA35: 18364 | EB35: 16822 | EC35: 17140 | ED35: 16393 | EE35: 15878 | EF35: 16360 | EG35: 17386 | EH35: 17850 | EI35: 18218 | EJ35: 18236 | EK35: 17175 | EL35: 15706 | EM35: 15080 | EN35: 15703 | EO35: 16519 | EP35: 17743 | EQ35: 17776 | ER35: 17006 | ES35: 15915 | ET35: 14791 | EU35: 14177 | EV35: 13805 | EW35: 14720 | EX35: 15945 | EY35: 17104 | EZ35: 17832 | FA35: 18933 | FB35: 19983 | FC35: 19160 | FD35: 17723 | FE35: 15637 | FF35: 15112 | FG35: 15097 | FH35: 14411 | FI35: 14166 | FJ35: 13965 | FK35: 16053 | FL35: 17844 | FM35: 17551 | FN35: 17713 | FO35: 17154 | FP35: 16027 | FQ35: 15313 | FR35: 15607 | FS35: 15465 | FT35: 14720 | FU35: 13859 | FV35: 14180 | FW35: 13836 | FX35: 13586 | FY35: 13421 | FZ35: 12592 | GA35: 10872 | GB35: 10806 | GC35: 12469 | GD35: 13980 | GE35: 15643 | GF35: 17255 | GG35: 18877 | GH35: 17793 | GI35: 16690 | GJ35: 16246 | GK35: 16409 | GL35: 15929 | GM35: 15617 | GN35: 14777 | GO35: 17113 | GP35: 17068 | GQ35: 16734 | GR35: 15844 | GS35: 15488 | GT35: 15034 | GU35: 13676 | GV35: 13520 | GW35: 13231 | GX35: 13368 | GY35: 12571 | GZ35: 12331 | HA35: 13229 | HB35: 14417 | HC35: 13525 | HD35: 12158 | HE35: 11465 | HF35: 10781 | HG35: 11706 | HH35: 13237 | HI35: 14826 | HJ35: 14588 | HK35: 13879 | HL35: 14102 | HM35: 13850 | HN35: 13900 | HO35: 14805 | HP35: 14635 | HQ35: 13742 | HR35: 13124 | HS35: 13200 | HT35: 13023 | HU35: 12667 | HV35: 13184 | HW35: 13591 | HX35: 12970 | HY35: 11628 | HZ35: 10159 | IA35: 10322 | IB35: 10680 | IC35: 11406 | ID35: 10701 | IE35: 11254 | IF35: 11033 | IG35: 11340 | IH35: 10848 | II35: 11656 | IJ35: 11294 | IK35: 11271 | IL35: 11754 | IM35: 12296 | IN35: 13440 | IO35: 13689 | IP35: 14371 | IQ35: 15448 | IR35: 14578 | IS35: 14043 | IT35: 13653 | IU35: 13650 | IV35: 14133 | IW35: 14987 | IX35: 15933 | IY35: 16754 | IZ35: 17061 | JA35: 16145 | JB35: 14894 | JC35: 13791 | JD35: 14332 | JE35: 15774 | JF35: 16433 | JG35: 16809 | JH35: 16346 | JI35: 14598 | JJ35: 13011 | JK35: 12827 | JL35: 13367 | JM35: 11943 | JN35: 12754 | JO35: 12908 | JP35: 13832 | JQ35: 13261 | JR35: 12815 | JS35: 11969 | JT35: 13903 | JU35: 13189 | JV35: 13276 | JW35: 13724 | JX35: 13724 | JY35: 12822 | JZ35: 13991 | KA35: 13990 | KB35: 12933 | KC35: 11685 | KD35: 10896 | KE35: 10179 | KF35: 10114 | KG35: 11768 | KH35: 12632 | KI35: 12827 | KJ35: 13828 | KK35: 13828 | KL35: 11856 | KM35: 11784 | KN35: 12480 | KO35: 11736 | KP35: 10689 | KQ35: 10376 | KR35: 9910 | KS35: 10287 | KT35: 11383 | KU35: 12258 | KV35: 12778 | KW35: 14061 | KX35: 14652 | KY35: 13985 | KZ35: 14585 | LA35: 15197 | LB35: 16165 | LC35: 16061 | LD35: 16637 | LE35: 16139 | LF35: 15813 | LG35: 16137 | LH35: 16510 | LI35: 15722 | LJ35: 15277 | LK35: 15006 | LL35: 13397 | LM35: 11963 | LN35: 11034 | LO35: 11047 | LP35: 12080 | LQ35: 11748 | LR35: 12214 | LS35: 11712 | LT35: 10837 | LU35: 9433 | LV35: 9192 | LW35: 9322 | LX35: 11294 | LY35: 12962 | LZ35: 13690 | MA35: 14559 | MB35: 15294 | MC35: 16203 | MD35: 16487 | ME35: 16244 | MF35: 15803 | MG35: 14140 | MH35: 12635 | MI35: 11212 | MJ35: 11311 | MK35: 11560 | ML35: 14278 | MM35: 14708 | MN35: 13469 | MO35: 12890 | MP35: 12123 | MQ35: 11614 | MR35: 12506 | MS35: 11478 | MT35: 11817 | MU35: 12087 | MV35: 11915 | MW35: 11731 | MX35: 13151 | MY35: 14159 | MZ35: 14159 | NA35: =IF(NB34>0,NB34,MZ35+SUM(NA25:NA27)-SUM(NA29:NA31)) -> 13959 | NB35: =IF(NC34>0,NC34,NA35+SUM(NB25:NB27)-SUM(NB29:NB31)) -> 13959 | NC35: =IF(ND34>0,ND34,NB35+SUM(NC25:NC27)-SUM(NC29:NC31)) -> 13959
A36: WH utilization Begin day (Max 80%) | CO36: 0.91941732 | CP36: 0.96360958 | CQ36: 0.99203448 | CR36: 0.9908342 | CS36: 0.9846691 | CT36: 1.0150581 | CU36: 0.93158383 | CV36: 0.88793715 | CW36: 0.79169622 | CX36: 0.65906487 | CY36: 0.54694746 | CZ36: 0.49195264 | DA36: 0.55654973 | DB36: 0.64547368 | DC36: 0.78168421 | DD36: 0.85736842 | DE36: 0.87505263 | DF36: 0.89336842 | DG36: 0.86157895 | DH36: 0.89121053 | DI36: 0.90926316 | DJ36: 0.92957895 | DK36: 0.97626316 | DL36: 0.98405263 | DM36: 0.92752632 | DN36: 0.90347368 | DO36: 0.87547368 | DP36: 0.83 | DQ36: 0.72115789 | DR36: 0.64631579 | DS36: 0.67494737 | DT36: 0.67363158 | DU36: 0.733 | DV36: 0.81736842 | DW36: 0.87731579 | DX36: 0.903 | DY36: 0.92747368 | DZ36: 0.95994737 | EA36: 0.98931579 | EB36: 0.96652632 | EC36: 0.88536842 | ED36: 0.90210526 | EE36: 0.86278947 | EF36: 0.83568421 | EG36: 0.86105263 | EH36: 0.91505263 | EI36: 0.93947368 | EJ36: 0.95884211 | EK36: 0.95978947 | EL36: 0.90394737 | EM36: 0.82663158 | EN36: 0.79368421 | EO36: 0.82647368 | EP36: 0.86942105 | EQ36: 0.93384211 | ER36: 0.93557895 | ES36: 0.89505263 | ET36: 0.83763158 | EU36: 0.77847368 | EV36: 0.74615789 | EW36: 0.72657895 | EX36: 0.80768176 | EY36: 0.87489712 | EZ36: 0.93849108 | FA36: 0.97843621 | FB36: 1.0388477 | FC36: 1.0964609 | FD36: 1.0513032 | FE36: 0.97245542 | FF36: 0.85799726 | FG36: 0.82919067 | FH36: 0.82836763 | FI36: 0.79072702 | FJ36: 0.77728395 | FK36: 0.76625514 | FL36: 0.88082305 | FM36: 0.97909465 | FN36: 0.96301783 | FO36: 0.97190672 | FP36: 0.94123457 | FQ36: 0.87939643 | FR36: 0.84021948 | FS36: 0.85635117 | FT36: 0.84855967 | FU36: 0.80768176 | FV36: 0.76043896 | FW36: 0.77805213 | FX36: 0.75917695 | FY36: 0.74545953 | FZ36: 0.73640604 | GA36: 0.69091907 | GB36: 0.6030619 | GC36: 0.59940093 | GD36: 0.69164633 | GE36: 0.77546039 | GF36: 0.86770579 | GG36: 0.95712225 | GH36: 1.0470934 | GI36: 0.98696472 | GJ36: 0.92578212 | GK36: 0.90115376 | GL36: 0.91019525 | GM36: 0.88357 | GN36: 0.86626359 | GO36: 0.8196694 | GP36: 0.94924562 | GQ36: 0.9467495 | GR36: 0.92822276 | GS36: 0.87885511 | GT36: 0.85910805 | GU36: 0.83392501 | GV36: 0.75859774 | GW36: 0.74994453 | GX36: 0.73391391 | GY36: 0.7415132 | GZ36: 0.69730419 | HA36: 0.68399157 | HB36: 0.73380297 | HC36: 0.79970047 | HD36: 0.75022188 | HE36: 0.67439538 | HF36: 0.63595518 | HG36: 0.5980142 | HH36: 0.64932327 | HI36: 0.73424673 | HJ36: 0.8223874 | HK36: 0.80918571 | HL36: 0.769858 | HM36: 0.78222765 | HN36: 0.76824939 | HO36: 0.77102285 | HP36: 0.82122254 | HQ36: 0.81179277 | HR36: 0.76225871 | HS36: 0.7279787 | HT36: 0.73219436 | HU36: 0.7223763 | HV36: 0.70262924 | HW36: 0.73130686 | HX36: 0.75388285 | HY36: 0.71943643 | HZ36: 0.64499667 | IA36: 0.56351231 | IB36: 0.57255381 | IC36: 0.5924118 | ID36: 0.63268249 | IE36: 0.59357666 | IF36: 0.62425116 | IG36: 0.61199246 | IH36: 0.62902152 | II36: 0.60173064 | IJ36: 0.64654981 | IK36: 0.62646994 | IL36: 0.62519414 | IM36: 0.6519858 | IN36: 0.68205014 | IO36: 0.74550699 | IP36: 0.75931884 | IQ36: 0.79714888 | IR36: 0.85688928 | IS36: 0.80863102 | IT36: 0.77895496 | IU36: 0.75732194 | IV36: 0.75715554 | IW36: 0.78394719 | IX36: 0.83131795 | IY36: 0.88379188 | IZ36: 0.92933215 | JA36: 0.94636122 | JB36: 0.89555136 | JC36: 0.82615931 | JD36: 0.7649767 | JE36: 0.79498558 | JF36: 0.87497227 | JG36: 0.9217523 | JH36: 0.94284272 | JI36: 0.91687234 | JJ36: 0.81882432 | JK36: 0.72980705 | JL36: 0.7194862 | JM36: 0.74977563 | JN36: 0.66990128 | JO36: 0.71539152 | JP36: 0.72402962 | JQ36: 0.7758582 | JR36: 0.74382993 | JS36: 0.7188131 | JT36: 0.74394211 | JU36: 0.7798407 | JV36: 0.73979134 | JW36: 0.7446713 | JX36: 0.76980031 | JY36: 0.76980031 | JZ36: 0.71920574 | KA36: 0.78477676 | KB36: 0.78472066 | KC36: 0.7254319 | KD36: 0.65542966 | KE36: 0.61117344 | KF36: 0.5709558 | KG36: 0.56730985 | KH36: 0.66008526 | KI36: 0.70854835 | KJ36: 0.7194862 | KK36: 0.77563383 | KL36: 0.77563383 | KM36: 0.66502131 | KN36: 0.66098272 | KO36: 0.70002244 | KP36: 0.65829033 | KQ36: 0.59956249 | KR36: 0.58200583 | KS36: =IF(KS34>0,KS34/KS33,KR35/KS33) -> 0.53835289 | KT36: 0.57701369 | KU36: 0.63849002 | KV36: 0.68757011 | KW36: 0.69415472 | KX36: 0.76385267 | KY36: 0.79595828 | KZ36: 0.75972403 | LA36: 0.79231856 | LB36: 0.82556497 | LC36: 0.8781508 | LD36: 0.89188139 | LE36: 0.7317792 | LF36: 0.70987464 | LG36: 0.69553552 | LH36: 0.70978667 | LI36: 0.72619309 | LJ36: 0.69153288 | LK36: 0.67195953 | LL36: 0.66003959 | LM36: 0.58926765 | LN36: 0.52619309 | LO36: 0.48533099 | LP36: 0.48590279 | LQ36: 0.53133934 | LR36: 0.51673631 | LS36: 0.53723334 | LT36: 0.51515285 | LU36: 0.47666593 | LV36: 0.41491093 | LW36: 0.40431053 | LX36: 0.41002859 | LY36: 0.57086535 | LZ36: 0.6551759 | MA36: 0.69197331 | MB36: 0.7358977 | MC36: 0.78286241 | MD36: 0.82939189 | ME36: 0.84392916 | MF36: 0.83149058 | MG36: 0.80891687 | MH36: 0.72379197 | MI36: 0.64675471 | MJ36: 0.57391482 | MK36: 0.57898239 | ML36: 0.59172809 | MM36: 0.73085586 | MN36: 0.7528665 | MO36: 0.68944513 | MP36: 0.65980753 | MQ36: 0.62054668 | MR36: 0.59449222 | MS36: 0.64015152 | MT36: 0.58753071 | MU36: 0.60488329 | MV36: 0.61870393 | MW36: 0.60989967 | MX36: 0.60048116 | MY36: 0.67316749 | MZ36: 0.67316749 | NA36: =IF(NA34>0,NA34/NA33,MZ35/NA33) -> 0.72476454 | NB36: =IF(NB34>0,NB34/NB33,NA35/NB33) -> 0.71452703 | NC36: =IF(NC34>0,NC34/NC33,NB35/NC33) -> 0.71452703
A37: WH utilization End day | B37: 0.81778445 | C37: 0.57784126 | D37: 0.60008162 | E37: 0.69271577 | F37: 0.83867238 | G37: 0.90131266 | H37: 0.96878188 | I37: 0.93783582 | J37: 0.78004489 | K37: 0.69087941 | L37: 0.66142964 | M37: 0.75229545 | N37: 0.81221519 | O37: 0.86941441 | P37: 0.71747262 | Q37: 0.67584847 | R37: 0.70679453 | S37: 0.77800449 | T37: 0.88736992 | U37: 0.92056043 | V37: 0.97837176 | W37: 0.95109842 | X37: 0.903081 | Y37: 0.80956267 | Z37: 0.7836496 | AA37: 0.88451336 | AB37: 0.94103244 | AC37: 0.93241127 | AD37: 0.86261307 | AE37: 0.82819833 | AF37: 0.74719445 | AG37: 0.73869278 | AH37: 0.75141128 | AI37: 0.75141128 | AJ37: 0.83479562 | AK37: 0.93872699 | AL37: 0.87324231 | AM37: 0.84022825 | AN37: 0.83785069 | AO37: 0.87174784 | AP37: 0.94422933 | AQ37: 0.93166225 | AR37: 0.98865566 | AS37: 0.99741865 | AT37: 0.99585626 | AU37: 0.97826235 | AV37: 0.85293119 | AW37: 0.89294206 | AX37: 0.88051083 | AY37: 0.88839073 | AZ37: 0.88445078 | BA37: 0.83927722 | BB37: 0.7153726 | BC37: 0.8412472 | BD37: 0.87623123 | BE37: 0.70408524 | BF37: 0.68748528 | BG37: 0.65734636 | BH37: 0.6202025 | BI37: 0.65028255 | BJ37: 0.71379798 | BK37: 0.80097716 | BL37: 0.86066635 | BM37: 0.92653638 | BN37: 1.044559 | BO37: 0.91574331 | BP37: 0.8968144 | BQ37: 0.9484072 | BR37: 0.98718837 | BS37: 0.94569483 | BT37: 0.95510157 | BU37: 0.94483333 | BV37: 0.92705556 | BW37: 0.92616667 | BX37: 0.91877778 | BY37: 0.94216667 | BZ37: 0.94911111 | CA37: 0.90955556 | CB37: 0.89416667 | CC37: 0.86422222 | CD37: 0.82677778 | CE37: 0.88683333 | CF37: 0.9075 | CG37: 0.89394872 | CH37: 0.90102564 | CI37: 0.92866667 | CJ37: 0.89153846 | CK37: 0.86251282 | CL37: 0.87328205 | CM37: 0.86241026 | CN37: 0.91941732 | CO37: 0.83510822 | CP37: 0.99203448 | CQ37: 0.9908342 | CR37: 0.9846691 | CS37: 1.0150581 | CT37: 0.93158383 | CU37: 0.88793715 | CV37: 0.79169622 | CW37: 0.65906487 | CX37: 0.54694746 | CY37: 0.40591413 | CZ37: 0.60294049 | DA37: 0.66910361 | DB37: 0.78168421 | DC37: 0.85736842 | DD37: 0.87505263 | DE37: 0.89336842 | DF37: 0.86157895 | DG37: 0.89121053 | DH37: 0.90926316 | DI37: 0.92957895 | DJ37: 0.97626316 | DK37: 0.98405263 | DL37: 0.92752632 | DM37: 0.90347368 | DN37: 0.87547368 | DO37: 0.83 | DP37: 0.72115789 | DQ37: 0.64631579 | DR37: 0.67494737 | DS37: 0.67363158 | DT37: 0.733 | DU37: 0.81736842 | DV37: 0.87731579 | DW37: 0.903 | DX37: 0.81389474 | DY37: 0.95994737 | DZ37: 0.98931579 | EA37: 0.96652632 | EB37: 0.88536842 | EC37: 0.90210526 | ED37: 0.86278947 | EE37: 0.83568421 | EF37: 0.86105263 | EG37: 0.91505263 | EH37: 0.93947368 | EI37: 0.95884211 | EJ37: 0.95978947 | EK37: 0.90394737 | EL37: 0.82663158 | EM37: 0.79368421 | EN37: 0.82647368 | EO37: 0.86942105 | EP37: 0.93384211 | EQ37: 0.93557895 | ER37: 0.89505263 | ES37: 0.83763158 | ET37: 0.77847368 | EU37: 0.74615789 | EV37: 0.72657895 | EW37: 0.77473684 | EX37: 0.87489712 | EY37: 0.93849108 | EZ37: 0.97843621 | FA37: 1.0388477 | FB37: 1.0964609 | FC37: 1.0513032 | FD37: 0.97245542 | FE37: 0.85799726 | FF37: 0.82919067 | FG37: 0.82836763 | FH37: 0.79072702 | FI37: 0.77728395 | FJ37: 0.76625514 | FK37: 0.88082305 | FL37: 0.97909465 | FM37: 0.96301783 | FN37: 0.97190672 | FO37: 0.94123457 | FP37: 0.87939643 | FQ37: 0.84021948 | FR37: 0.85635117 | FS37: 0.84855967 | FT37: 0.80768176 | FU37: 0.76043896 | FV37: 0.77805213 | FW37: 0.75917695 | FX37: 0.74545953 | FY37: 0.73640604 | FZ37: 0.69091907 | GA37: 0.59654321 | GB37: 0.59940093 | GC37: 0.69164633 | GD37: 0.77546039 | GE37: 0.86770579 | GF37: 0.95712225 | GG37: 1.0470934 | GH37: 0.98696472 | GI37: 0.92578212 | GJ37: 0.90115376 | GK37: 0.91019525 | GL37: 0.88357 | GM37: 0.86626359 | GN37: 0.8196694 | GO37: 0.94924562 | GP37: 0.9467495 | GQ37: 0.92822276 | GR37: 0.87885511 | GS37: 0.85910805 | GT37: 0.83392501 | GU37: 0.75859774 | GV37: 0.74994453 | GW37: 0.73391391 | GX37: 0.7415132 | GY37: 0.69730419 | GZ37: 0.68399157 | HA37: 0.73380297 | HB37: 0.79970047 | HC37: 0.75022188 | HD37: 0.67439538 | HE37: 0.63595518 | HF37: 0.5980142 | HG37: 0.64932327 | HH37: 0.73424673 | HI37: 0.8223874 | HJ37: 0.80918571 | HK37: 0.769858 | HL37: 0.78222765 | HM37: 0.76824939 | HN37: 0.77102285 | HO37: 0.82122254 | HP37: 0.81179277 | HQ37: 0.76225871 | HR37: 0.7279787 | HS37: 0.73219436 | HT37: 0.7223763 | HU37: 0.70262924 | HV37: 0.73130686 | HW37: 0.75388285 | HX37: 0.71943643 | HY37: 0.64499667 | HZ37: 0.56351231 | IA37: 0.57255381 | IB37: 0.5924118 | IC37: 0.63268249 | ID37: 0.59357666 | IE37: 0.62425116 | IF37: 0.61199246 | IG37: 0.62902152 | IH37: 0.60173064 | II37: 0.64654981 | IJ37: 0.62646994 | IK37: 0.62519414 | IL37: 0.6519858 | IM37: 0.68205014 | IN37: 0.74550699 | IO37: 0.75931884 | IP37: 0.76384219 | IQ37: 0.79262137 | IR37: 0.80863102 | IS37: 0.77895496 | IT37: 0.75732194 | IU37: 0.75715554 | IV37: 0.78394719 | IW37: 0.83131795 | IX37: 0.88379188 | IY37: 0.92933215 | IZ37: 0.94636122 | JA37: 0.89555136 | JB37: 0.82615931 | JC37: 0.7649767 | JD37: 0.79498558 | JE37: 0.87497227 | JF37: 0.91152651 | JG37: 0.94284272 | JH37: 0.91687234 | JI37: 0.81882432 | JJ37: 0.72980705 | JK37: 0.7194862 | JL37: 0.74977563 | JM37: 0.66990128 | JN37: 0.71539152 | JO37: 0.72402962 | JP37: 0.7758582 | JQ37: 0.74382993 | JR37: 0.7188131 | JS37: 0.67135966 | JT37: 0.7798407 | JU37: 0.73979134 | JV37: 0.7446713 | JW37: 0.79847941 | JX37: 0.76980031 | JY37: 0.71920574 | JZ37: 0.78477676 | KA37: 0.78472066 | KB37: 0.7254319 | KC37: 0.65542966 | KD37: 0.61117344 | KE37: 0.5709558 | KF37: 0.56730985 | KG37: 0.66008526 | KH37: 0.70854835 | KI37: 0.7194862 | KJ37: 0.77563383 | KK37: 0.77563383 | KL37: 0.73311645 | KM37: 0.66098272 | KN37: 0.70002244 | KO37: 0.65829033 | KP37: 0.59956249 | KQ37: 0.58200583 | KR37: 0.55586718 | KS37: =IFERROR(KS35/KS33,"") -> 0.55883312 | KT37: 0.63849002 | KU37: 0.68757011 | KV37: 0.71673772 | KW37: 0.76385267 | KX37: 0.79595828 | KY37: 0.75972403 | KZ37: 0.79231856 | LA37: 0.82556497 | LB37: 0.8781508 | LC37: 0.87250109 | LD37: 0.92386717 | LE37: 0.70987464 | LF37: 0.69553552 | LG37: 0.70978667 | LH37: 0.72619309 | LI37: 0.69153288 | LJ37: 0.67195953 | LK37: 0.66003959 | LL37: 0.58926765 | LM37: 0.52619309 | LN37: 0.48533099 | LO37: 0.48590279 | LP37: 0.53133934 | LQ37: 0.51673631 | LR37: 0.53723334 | LS37: 0.51515285 | LT37: 0.47666593 | LU37: 0.41491093 | LV37: 0.40431053 | LW37: 0.41002859 | LX37: 0.4967671 | LY37: 0.6551759 | LZ37: 0.69197331 | MA37: 0.7358977 | MB37: 0.77304893 | MC37: 0.82939189 | MD37: 0.84392916 | ME37: 0.83149058 | MF37: 0.80891687 | MG37: 0.72379197 | MH37: 0.64675471 | MI37: 0.57391482 | MJ37: 0.57898239 | MK37: 0.59172809 | ML37: 0.73085586 | MM37: 0.7528665 | MN37: 0.68944513 | MO37: 0.65980753 | MP37: 0.62054668 | MQ37: 0.59449222 | MR37: 0.64015152 | MS37: 0.58753071 | MT37: 0.60488329 | MU37: 0.61870393 | MV37: 0.60989967 | MW37: 0.60048116 | MX37: 0.67316749 | MY37: 0.72476454 | MZ37: 0.72476454 | NA37: =IFERROR(NA35/NA33,"") -> 0.71452703 | NB37: =IFERROR(NB35/NB33,"") -> 0.71452703 | NC37: =IFERROR(NC35/NC33,"") -> 0.71452703
A40: RY | B40: 45657 | C40: 45658 | D40: 45659 | E40: 45660 | F40: 45661 | G40: 45662 | H40: 45663 | I40: 45664 | J40: 45665 | K40: 45666 | L40: 45667 | M40: 45668 | N40: 45669 | O40: 45670 | P40: 45671 | Q40: 45672 | R40: 45673 | S40: 45674 | T40: 45675 | U40: 45676 | V40: 45677 | W40: 45678 | X40: 45679 | Y40: 45680 | Z40: 45681 | AA40: 45682 | AB40: 45683 | AC40: 45684 | AD40: 45685 | AE40: 45686 | AF40: 45687 | AG40: 45688 | AH40: 45689 | AI40: 45690 | AJ40: 45691 | AK40: 45692 | AL40: 45693 | AM40: 45694 | AN40: 45695 | AO40: 45696 | AP40: 45697 | AQ40: 45698 | AR40: 45699 | AS40: 45700 | AT40: 45701 | AU40: 45702 | AV40: 45703 | AW40: 45704 | AX40: 45705 | AY40: 45706 | AZ40: 45707 | BA40: 45708 | BB40: 45709 | BC40: 45710 | BD40: 45711 | BE40: 45712 | BF40: 45713 | BG40: 45714 | BH40: 45715 | BI40: 45716 | BJ40: 45717 | BK40: 45718 | BL40: 45719 | BM40: 45720 | BN40: 45721 | BO40: 45722 | BP40: 45723 | BQ40: 45724 | BR40: 45725 | BS40: 45726 | BT40: 45727 | BU40: 45728 | BV40: 45729 | BW40: 45730 | BX40: 45731 | BY40: 45732 | BZ40: 45733 | CA40: 45734 | CB40: 45735 | CC40: 45736 | CD40: 45737 | CE40: 45738 | CF40: 45739 | CG40: 45740 | CH40: 45741 | CI40: 45742 | CJ40: 45743 | CK40: 45744 | CL40: 45745 | CM40: 45746 | CN40: 45747 | CO40: 45748 | CP40: 45749 | CQ40: 45750 | CR40: 45751 | CS40: 45752 | CT40: 45753 | CU40: 45754 | CV40: 45755 | CW40: 45756 | CX40: 45757 | CY40: 45758 | CZ40: 45759 | DA40: 45760 | DB40: 45761 | DC40: 45762 | DD40: 45763 | DE40: 45764 | DF40: 45765 | DG40: 45766 | DH40: 45767 | DI40: 45768 | DJ40: 45769 | DK40: 45770 | DL40: 45771 | DM40: 45772 | DN40: 45773 | DO40: 45774 | DP40: 45775 | DQ40: 45776 | DR40: 45777 | DS40: 45778 | DT40: 45779 | DU40: 45780 | DV40: 45781 | DW40: 45782 | DX40: 45783 | DY40: 45784 | DZ40: 45785 | EA40: 45786 | EB40: 45787 | EC40: 45788 | ED40: 45789 | EE40: 45790 | EF40: 45791 | EG40: 45792 | EH40: 45793 | EI40: 45794 | EJ40: 45795 | EK40: 45796 | EL40: 45797 | EM40: 45798 | EN40: 45799 | EO40: 45800 | EP40: 45801 | EQ40: 45802 | ER40: 45803 | ES40: 45804 | ET40: 45805 | EU40: 45806 | EV40: 45807 | EW40: 45808 | EX40: 45809 | EY40: 45810 | EZ40: 45811 | FA40: 45812 | FB40: 45813 | FC40: 45814 | FD40: 45815 | FE40: 45816 | FF40: 45817 | FG40: 45818 | FH40: 45819 | FI40: 45820 | FJ40: 45821 | FK40: 45822 | FL40: 45823 | FM40: 45824 | FN40: 45825 | FO40: 45826 | FP40: 45827 | FQ40: 45828 | FR40: 45829 | FS40: 45830 | FT40: 45831 | FU40: 45832 | FV40: 45833 | FW40: 45834 | FX40: 45835 | FY40: 45836 | FZ40: 45837 | GA40: 45838 | GB40: 45839 | GC40: 45840 | GD40: 45841 | GE40: 45842 | GF40: 45843 | GG40: 45844 | GH40: 45845 | GI40: 45846 | GJ40: 45847 | GK40: 45848 | GL40: 45849 | GM40: 45850 | GN40: 45851 | GO40: 45852 | GP40: 45853 | GQ40: 45854 | GR40: 45855 | GS40: 45856 | GT40: 45857 | GU40: 45858 | GV40: 45859 | GW40: 45860 | GX40: 45861 | GY40: 45862 | GZ40: 45863 | HA40: 45864 | HB40: 45865 | HC40: 45866 | HD40: 45867 | HE40: 45868 | HF40: 45869 | HG40: 45870 | HH40: 45871 | HI40: 45872 | HJ40: 45873 | HK40: 45874 | HL40: 45875 | HM40: 45876 | HN40: 45877 | HO40: 45878 | HP40: 45879 | HQ40: 45880 | HR40: 45881 | HS40: 45882 | HT40: 45883 | HU40: 45884 | HV40: 45885 | HW40: 45886 | HX40: 45887 | HY40: 45888 | HZ40: 45889 | IA40: 45890 | IB40: 45891 | IC40: 45892 | ID40: 45893 | IE40: 45894 | IF40: 45895 | IG40: 45896 | IH40: 45897 | II40: 45898 | IJ40: 45899 | IK40: 45900 | IL40: 45901 | IM40: 45902 | IN40: 45903 | IO40: 45904 | IP40: 45905 | IQ40: 45906 | IR40: 45907 | IS40: 45908 | IT40: 45909 | IU40: 45910 | IV40: 45911 | IW40: 45912 | IX40: 45913 | IY40: 45914 | IZ40: 45915 | JA40: 45916 | JB40: 45917 | JC40: 45918 | JD40: 45919 | JE40: 45920 | JF40: 45921 | JG40: 45922 | JH40: 45923 | JI40: 45924 | JJ40: 45925 | JK40: 45926 | JL40: 45927 | JM40: 45928 | JN40: 45929 | JO40: 45930 | JP40: 45931 | JQ40: 45932 | JR40: 45933 | JS40: 45934 | JT40: 45935 | JU40: 45936 | JV40: 45937 | JW40: 45938 | JX40: 45939 | JY40: 45940 | JZ40: 45941 | KA40: 45942 | KB40: 45943 | KC40: 45944 | KD40: 45945 | KE40: 45946 | KF40: 45947 | KG40: 45948 | KH40: 45949 | KI40: 45950 | KJ40: 45951 | KK40: 45952 | KL40: 45953 | KM40: 45954 | KN40: 45955 | KO40: 45956 | KP40: 45957 | KQ40: 45958 | KR40: 45959 | KS40: 45960 | KT40: 45961 | KU40: 45962 | KV40: 45963 | KW40: 45964 | KX40: 45965 | KY40: 45966 | KZ40: 45967 | LA40: 45968 | LB40: 45969 | LC40: 45970 | LD40: 45971 | LE40: 45972 | LF40: 45973 | LG40: 45974 | LH40: 45975 | LI40: 45976 | LJ40: 45977 | LK40: 45978 | LL40: 45979 | LM40: 45980 | LN40: 45981 | LO40: 45982 | LP40: 45983 | LQ40: 45984 | LR40: 45985 | LS40: 45986 | LT40: 45987 | LU40: 45988 | LV40: 45989 | LW40: 45990 | LX40: 45991 | LY40: 45992 | LZ40: 45993 | MA40: 45994 | MB40: 45995 | MC40: 45996 | MD40: 45997 | ME40: 45998 | MF40: 45999 | MG40: 46000 | MH40: 46001 | MI40: 46002 | MJ40: 46003 | MK40: 46004 | ML40: 46005 | MM40: 46006 | MN40: 46007 | MO40: 46008 | MP40: 46009 | MQ40: 46010 | MR40: 46011 | MS40: 46012 | MT40: 46013 | MU40: 46014 | MV40: 46015 | MW40: 46016 | MX40: 46017 | MY40: 46018 | MZ40: 46019 | NA40: 46020 | NB40: 46021 | NC40: 46022
B41: Tue | C41: Wed | D41: Thu | E41: Fri | F41: Sat | G41: Sun | H41: Mon | I41: Tue | J41: Wed | K41: Thu | L41: Fri | M41: Sat | N41: Sun | O41: Mon | P41: Tue | Q41: Wed | R41: Thu | S41: Fri | T41: Sat | U41: Sun | V41: Mon | W41: Tue | X41: Wed | Y41: Thu | Z41: Fri | AA41: Sat | AB41: Sun | AC41: Mon | AD41: Tue | AE41: Wed | AF41: Thu | AG41: Fri | AH41: Sat | AI41: Sun | AJ41: Mon | AK41: Tue | AL41: Wed | AM41: Thu | AN41: Fri | AO41: Sat | AP41: Sun | AQ41: Mon | AR41: Tue | AS41: Wed | AT41: Thu | AU41: Fri | AV41: Sat | AW41: Sun | AX41: Mon | AY41: Tue | AZ41: Wed | BA41: Thu | BB41: Fri | BC41: Sat | BD41: Sun | BE41: Mon | BF41: Tue | BG41: Wed | BH41: Thu | BI41: Fri | BJ41: Sat | BK41: Sun | BL41: Mon | BM41: Tue | BN41: Wed | BO41: Thu | BP41: Fri | BQ41: Sat | BR41: Sun | BS41: Mon | BT41: Tue | BU41: Wed | BV41: Thu | BW41: Fri | BX41: Sat | BY41: Sun | BZ41: Mon | CA41: Tue | CB41: Wed | CC41: Thu | CD41: Fri | CE41: Sat | CF41: Sun | CG41: Mon | CH41: Tue | CI41: Wed | CJ41: Thu | CK41: Fri | CL41: Sat | CM41: Sun | CN41: Mon | CO41: Tue | CP41: Wed | CQ41: Thu | CR41: Fri | CS41: Sat | CT41: Sun | CU41: Mon | CV41: Tue | CW41: Wed | CX41: Thu | CY41: Fri | CZ41: Sat | DA41: Sun | DB41: Mon | DC41: Tue | DD41: Wed | DE41: Thu | DF41: Fri | DG41: Sat | DH41: Sun | DI41: Mon | DJ41: Tue | DK41: Wed | DL41: Thu | DM41: Fri | DN41: Sat | DO41: Sun | DP41: Mon | DQ41: Tue | DR41: Wed | DS41: Thu | DT41: Fri | DU41: Sat | DV41: Sun | DW41: Mon | DX41: Tue | DY41: Wed | DZ41: Thu | EA41: Fri | EB41: Sat | EC41: Sun | ED41: Mon | EE41: Tue | EF41: Wed | EG41: Thu | EH41: Fri | EI41: Sat | EJ41: Sun | EK41: Mon | EL41: Tue | EM41: Wed | EN41: Thu | EO41: Fri | EP41: Sat | EQ41: Sun | ER41: Mon | ES41: Tue | ET41: Wed | EU41: Thu | EV41: Fri | EW41: Sat | EX41: Sun | EY41: Mon | EZ41: Tue | FA41: Wed | FB41: Thu | FC41: Fri | FD41: Sat | FE41: Sun | FF41: Mon | FG41: Tue | FH41: Wed | FI41: Thu | FJ41: Fri | FK41: Sat | FL41: Sun | FM41: Mon | FN41: Tue | FO41: Wed | FP41: Thu | FQ41: Fri | FR41: Sat | FS41: Sun | FT41: Mon | FU41: Tue | FV41: Wed | FW41: Thu | FX41: Fri | FY41: Sat | FZ41: Sun | GA41: Mon | GB41: Tue | GC41: Wed | GD41: Thu | GE41: Fri | GF41: Sat | GG41: Sun | GH41: Mon | GI41: Tue | GJ41: Wed | GK41: Thu | GL41: Fri | GM41: Sat | GN41: Sun | GO41: Mon | GP41: Tue | GQ41: Wed | GR41: Thu | GS41: Fri | GT41: Sat | GU41: Sun | GV41: Mon | GW41: Tue | GX41: Wed | GY41: Thu | GZ41: Fri | HA41: Sat | HB41: Sun | HC41: Mon | HD41: Tue | HE41: Wed | HF41: Thu | HG41: Fri | HH41: Sat | HI41: Sun | HJ41: Mon | HK41: Tue | HL41: Wed | HM41: Thu | HN41: Fri | HO41: Sat | HP41: Sun | HQ41: Mon | HR41: Tue | HS41: Wed | HT41: Thu | HU41: Fri | HV41: Sat | HW41: Sun | HX41: Mon | HY41: Tue | HZ41: Wed | IA41: Thu | IB41: Fri | IC41: Sat | ID41: Sun | IE41: Mon | IF41: Tue | IG41: Wed | IH41: Thu | II41: Fri | IJ41: Sat | IK41: Sun | IL41: Mon | IM41: Tue | IN41: Wed | IO41: Thu | IP41: Fri | IQ41: Sat | IR41: Sun | IS41: Mon | IT41: Tue | IU41: Wed | IV41: Thu | IW41: Fri | IX41: Sat | IY41: Sun | IZ41: Mon | JA41: Tue | JB41: Wed | JC41: Thu | JD41: Fri | JE41: Sat | JF41: Sun | JG41: Mon | JH41: Tue | JI41: Wed | JJ41: Thu | JK41: Fri | JL41: Sat | JM41: Sun | JN41: Mon | JO41: Tue | JP41: Wed | JQ41: Thu | JR41: Fri | JS41: Sat | JT41: Sun | JU41: Mon | JV41: Tue | JW41: Wed | JX41: Thu | JY41: Fri | JZ41: Sat | KA41: Sun | KB41: Mon | KC41: Tue | KD41: Wed | KE41: Thu | KF41: Fri | KG41: Sat | KH41: Sun | KI41: Mon | KJ41: Tue | KK41: Wed | KL41: Thu | KM41: Fri | KN41: Sat | KO41: Sun | KP41: Mon | KQ41: Tue | KR41: Wed | KS41: Thu | KT41: Fri | KU41: Sat | KV41: Sun | KW41: Mon | KX41: Tue | KY41: Wed | KZ41: Thu | LA41: Fri | LB41: Sat | LC41: Sun | LD41: Mon | LE41: Tue | LF41: Wed | LG41: Thu | LH41: Fri | LI41: Sat | LJ41: Sun | LK41: Mon | LL41: Tue | LM41: Wed | LN41: Thu | LO41: Fri | LP41: Sat | LQ41: Sun | LR41: Mon | LS41: Tue | LT41: Wed | LU41: Thu | LV41: Fri | LW41: Sat | LX41: Sun | LY41: Mon | LZ41: Tue | MA41: Wed | MB41: Thu | MC41: Fri | MD41: Sat | ME41: Sun | MF41: Mon | MG41: Tue | MH41: Wed | MI41: Thu | MJ41: Fri | MK41: Sat | ML41: Sun | MM41: Mon | MN41: Tue | MO41: Wed | MP41: Thu | MQ41: Fri | MR41: Sat | MS41: Sun | MT41: Mon | MU41: Tue | MV41: Wed | MW41: Thu | MX41: Fri | MY41: Sat | MZ41: Sun | NA41: Mon | NB41: Tue | NC41: Wed
A42: Plan Output (PL) | B42: 0 | C42: 0 | D42: 173 | E42: 3954.0759 | F42: 2977.1735 | G42: 2496.912 | H42: 2006.0417 | I42: 700.81016 | J42: 1037.7371 | K42: 905.13755 | L42: 987.725 | M42: 1934.1042 | N42: 1395.8718 | O42: 1426.8943 | P42: 1653.5142 | Q42: 949.66925 | R42: 2175.7198 | S42: 3043.9606 | T42: 2285.8698 | U42: 1191.8586 | V42: 1251.5388 | W42: 1329.6338 | X42: 932.4391 | Y42: 1191.2633 | Z42: 2515.5259 | AA42: 764.72944 | AB42: 2218.8567 | AC42: 2104.5983 | AD42: 2122.4814 | AE42: 2349.0158 | AF42: 2779.3813 | AG42: 824.8647 | AH42: 530.97917 | AI42: 2703.3878 | AJ42: 1186.6386 | AK42: 1961.6574 | AL42: 2558.8007 | AM42: 2595.6764 | AN42: 2331.2528 | AO42: 2980.3465 | AP42: 2745.2902 | AQ42: 2400.8317 | AR42: 2497.1557 | AS42: 2121.1624 | AT42: 2750.3704 | AU42: 1860.7585 | AV42: 1155.7032 | AW42: 1063.6649 | AX42: 2336.2755 | AY42: 2150.8236 | AZ42: 2160.44 | BA42: 2097.3812 | BB42: 2387.3908 | BC42: 2953.2855 | BD42: 3133.7163 | BE42: 2201.291 | BF42: 3167.2915 | BG42: 2822.1163 | BH42: 2829.329 | BI42: 3294.1305 | BJ42: 3485.9556 | BK42: 3436.6483 | BL42: 1560.2168 | BM42: 3789.0351 | BN42: 3061.4301 | BO42: 3145.1358 | BP42: 3280.5927 | BQ42: 2844.7895 | BR42: 3447.2146 | BS42: 3337.077 | BT42: 3467.3322 | BU42: 3166.7887 | BV42: 2775.7917 | BW42: 2462.3817 | BX42: 2381.6962 | BY42: 2523.0661 | BZ42: 2342.7604 | CA42: 3979.3863 | CB42: 3277.9493 | CC42: 3270.2743 | CD42: 3200.1136 | CE42: 3668.826 | CF42: 3651.054 | CG42: 2648.336 | CH42: 2912.6572 | CI42: 2992.9026 | CJ42: 3619.8203 | CK42: 3210.819 | CL42: 3961.1115 | CM42: 3074.2049 | CN42: 3029.5008 | CO42: 2960.0843 | CP42: 3154.6477 | CQ42: 1742.3734 | CR42: 2979.2322 | CS42: 2884.7747 | CT42: 2997.0866 | CU42: 3427.5735 | CV42: 2981.3539 | CW42: 3431.4622 | CX42: 3253.1426 | CY42: 4245.7977 | CZ42: 3578.6316 | DA42: 3443.0195 | DB42: 876.45216 | DC42: 2659.8414 | DD42: 3473.3033 | DE42: 2620.7522 | DF42: 2614.9238 | DG42: 2992.6315 | DH42: 2841.3238 | DI42: 831.13652 | DJ42: 1959.6309 | DK42: 2665 | DL42: 3383 | DM42: 3265 | DN42: 3786 | DO42: 3468 | DP42: 1055.9161 | DQ42: 2802.0713 | DR42: 3770.8432 | DS42: 1092.1046 | DT42: 1540.7822 | DU42: 2994.8506 | DV42: 2359.0084 | DW42: 2679.2448 | DX42: 1485.0089 | DY42: 2600.2955 | DZ42: 2404.2421 | EA42: 1820.8316 | EB42: 2462.2108 | EC42: 598.73264 | ED42: 5.6439394 | EE42: 1828.6318 | EF42: 2720.6648 | EG42: 2737.7049 | EH42: 2661.9046 | EI42: 3075.8015 | EJ42: 2063.599 | EK42: 2961.4023 | EL42: 2173.8067 | EM42: 2348.4146 | EN42: 2328.2364 | EO42: 2217.5538 | EP42: 3480.6068 | EQ42: 2875.5036 | ER42: 2770.687 | ES42: 3623.38 | ET42: 2857.8406 | EU42: 3261.1275 | EV42: 2977.8105 | EW42: 3115.5413 | EX42: 1656.2078 | EY42: 1682.0833 | EZ42: 872.8125 | FA42: 199 | FB42: 1598.0127 | FC42: 2221.614 | FD42: 2408.509 | FE42: 2712.8906 | FF42: 2090.4333 | FG42: 2532.5402 | FH42: 3568.3435 | FI42: 2876.531 | FJ42: 3342.3049 | FK42: 2484.0832 | FL42: 2404.4219 | FM42: 1434.4337 | FN42: 1335.0978 | FO42: 1719.0233 | FP42: 1519.8021 | FQ42: 3020.0475 | FR42: 3788.9432 | FS42: 2632.0983 | FT42: 3223.9737 | FU42: 2161.4272 | FV42: 2826.0155 | FW42: 3385.29 | FX42: 3498.5378 | FY42: 3222.2171 | FZ42: 1064.4281 | GA42: 853.69107 | GB42: 3377.9497 | GC42: 2109.2156 | GD42: 1447.8885 | GE42: 769.93056 | GF42: 1353.0104 | GG42: 3035.9981 | GH42: 2059.9363 | GI42: 2203.6683 | GJ42: 1190.7679 | GK42: 1199.5362 | GL42: 2014.5169 | GM42: 2702.8198 | GN42: 2927.687 | GO42: 1020.1738 | GP42: 2510.8438 | GQ42: 1517.197 | GR42: 2077.0797 | GS42: 1780.8589 | GT42: 1689.388 | GU42: 1484.7137 | GV42: 1287.4038 | GW42: 2865.1479 | GX42: 3170.699 | GY42: 2964.9509 | GZ42: 3249.5694 | HA42: 3108.8581 | HB42: 3476.8053 | HC42: 2196.692 | HD42: 2687.5422 | HE42: 3030.6969 | HF42: 1598.0988 | HG42: 3453.2624 | HH42: 3189.6069 | HI42: 3772.39 | HJ42: 3125.5434 | HK42: 2875.0242 | HL42: 2580.3376 | HM42: 2456.3038 | HN42: 2856.917 | HO42: 3921.4336 | HP42: 3238.0552 | HQ42: 1328.4069 | HR42: 1524.6559 | HS42: 3314.6907 | HT42: 3669.0573 | HU42: 4293.8856 | HV42: 3949.9687 | HW42: 4098.7726 | HX42: 3873.6705 | HY42: 3850.2265 | HZ42: 3972.0623 | IA42: 3910.5349 | IB42: 3800.825 | IC42: 4750.1288 | ID42: 3723.5757 | IE42: 3218.7494 | IF42: 4346.9964 | IG42: 3921.3936 | IH42: 4347.2613 | II42: 4484.2186 | IJ42: 2826.9503 | IK42: 2726.0788 | IL42: 2709.4781 | IM42: 2683.6745 | IN42: 2268.8011 | IO42: 2081.7408 | IP42: 2178.7717 | IQ42: 974.31621 | IR42: 45.892157 | IS42: 1644.4202 | IT42: 2985.7861 | IU42: 3391.4795 | IV42: 2260.6456 | IW42: 2490.8729 | IX42: 785.59596 | IY42: 570.13384 | IZ42: 1052.8359 | JA42: 1682.976 | JB42: 1408.6517 | JC42: 2146.8562 | JD42: 3093.5227 | JE42: 2195.7913 | JF42: 1884.7652 | JG42: 1983.8772 | JH42: 1916.0113 | JI42: 881.41164 | JJ42: 2062.9866 | JK42: 2451.4236 | JL42: 2365.0139 | JM42: 1088.7727 | JN42: 2944.9941 | JO42: 1650.9271 | JP42: 2830.1149 | JQ42: 1819.1 | JR42: 921 | JS42: 471.93939 | JT42: 1836.2597 | JU42: 3080.9703 | JV42: 1654.8608 | JW42: 2906.5288 | JX42: 2331.5743 | JY42: 2176.2392 | JZ42: 2562.4569 | KA42: 148.05357 | KB42: 0 | KC42: 1481.4138 | KD42: 3370.0062 | KE42: 3548.9975 | KF42: 1950.0039 | KG42: 3442.5176 | KH42: 3063.1239 | KI42: 2348.0705 | KJ42: 3423.9975 | KK42: 3020.171 | KL42: 454 | KM42: 1473.8896 | KN42: 2799.9961 | KO42: 2422.8724 | KP42: 1665.5717 | KQ42: 2504.1727 | KR42: 3034.1657 | KS42: =IFERROR(HLOOKUP(KS40,[1]Week2Date!$NH$4:$ABH$10000,324),"") -> 2165.3821 | KT42: 402.19473 | KU42: 2213.2323 | KV42: 3198.6236 | KW42: 1039.6522 | KX42: 2667.6333 | KY42: 3396.5888 | KZ42: 1552.8755 | LA42: 1374.0068 | LB42: 1933.1429 | LC42: 3151.1679 | LD42: 3840.4063 | LE42: 3015.8947 | LF42: 3157.2085 | LG42: 3354.828 | LH42: 2744.3323 | LI42: 0 | LJ42: 564.60119 | LK42: 2019.9301 | LL42: 3169.3792 | LM42: 2855.097 | LN42: 2677.0189 | LO42: 1939.6544 | LP42: 2662.8865 | LQ42: 1571.5229 | LR42: 1293.419 | LS42: 2568.9314 | LT42: 3515.7633 | LU42: 2402.0496 | LV42: 2500.8635 | LW42: 2969.1476 | LX42: 1318.1057 | LY42: 1518.0903 | LZ42: 2529.0579 | MA42: 3552.8544 | MB42: 2804.696 | MC42: 195 | MD42: 774.52296 | ME42: 2460.2464 | MF42: 2800.5981 | MG42: 2853.5246 | MH42: 2563.576 | MI42: 1997.4629 | MJ42: 1470.2253 | MK42: 1130.9037 | ML42: 2314.8276 | MM42: 2658.2181 | MN42: 3388.0497 | MO42: 3556.2814 | MP42: 1751.5503 | MQ42: 0 | MR42: 288.3913 | MS42: 3567.514 | MT42: 2362.1544 | MU42: 3247.1022 | MV42: 3518.1107 | MW42: 2800 | MX42: 3105.3963 | MY42: 3325.8562 | MZ42: 3187.6629 | NA42: =IFERROR(HLOOKUP(NA40,[1]Week2Date!$NH$4:$ABH$10000,324),"") -> -0.21212121 | NB42: =IFERROR(HLOOKUP(NB40,[1]Week2Date!$NH$4:$ABH$10000,324),"") -> 0 | NC42: =IFERROR(HLOOKUP(NC40,[1]Week2Date!$NH$4:$ABH$10000,324),"") -> 0
A43: FCST+FOC (PL) | B43: 0 | C43: 937.87824 | D43: 1355.4727 | E43: 1288.1106 | F43: 1249.7446 | G43: 1679.2414 | H43: 1847.9773 | I43: 2331.7291 | J43: 2190.6348 | K43: 2124.3261 | L43: 1735.1395 | M43: 1661.8609 | N43: 1864.5544 | O43: 1877.5885 | P43: 2209.4379 | Q43: 2219.9581 | R43: 2248.7504 | S43: 1736.5801 | T43: 1451.2413 | U43: 1909.8875 | V43: 2543.1311 | W43: 2478.1567 | X43: 2527.3618 | Y43: 1950.6547 | Z43: 1624.36 | AA43: 1154.3627 | AB43: 1178.9059 | AC43: 2423.8481 | AD43: 2361.9212 | AE43: 2408.8184 | AF43: 1859.1612 | AG43: 1548.1709 | AH43: 1016.132 | AI43: 1037.7362 | AJ43: 1193.9485 | AK43: 1278.5345 | AL43: 1443.6135 | AM43: 2086.3889 | AN43: 1982.7029 | AO43: 1923.6487 | AP43: 2584.7445 | AQ43: 2025.5724 | AR43: 2555.814 | AS43: 2401.1602 | AT43: 2328.4791 | AU43: 1901.8907 | AV43: 1821.5698 | AW43: 2043.7427 | AX43: 2140.232 | AY43: 2518.5016 | AZ43: 2530.4935 | BA43: 2563.3133 | BB43: 1979.4989 | BC43: 1654.2459 | BD43: 2177.0491 | BE43: 3335.0395 | BF43: 2859.5855 | BG43: 3314.3597 | BH43: 2558.0712 | BI43: 2130.1711 | BJ43: 1537.1776 | BK43: 1425.6082 | BL43: 1579.9938 | BM43: 2154.5946 | BN43: 2800.9941 | BO43: 2677.8805 | BP43: 3203.0668 | BQ43: 2928.1201 | BR43: 3444.4372 | BS43: 2636.4943 | BT43: 2654.2645 | BU43: 2879.3527 | BV43: 2903.6386 | BW43: 2249.303 | BX43: 1741.2749 | BY43: 1919.9634 | BZ43: 2836.3797 | CA43: 2967.717 | CB43: 2621.9464 | CC43: 2585.3235 | CD43: 2569.1589 | CE43: 2228.4397 | CF43: 2807.334 | CG43: 3349.8918 | CH43: 3476.7091 | CI43: 3476.9484 | CJ43: 3249.4948 | CK43: 2912.372 | CL43: 1795.0635 | CM43: 1664.7766 | CN43: 1373.9721 | CO43: 2010.4125 | CP43: 2613.556 | CQ43: 2498.6809 | CR43: 2988.7226 | CS43: 2732.1748 | CT43: 3213.9408 | CU43: 3789.0004 | CV43: 3814.5384 | CW43: 4138.0208 | CX43: 4172.9229 | CY43: 3232.5539 | CZ43: 2502.4484 | DA43: 2759.2481 | DB43: 2687.8653 | DC43: 2812.3256 | DD43: 2484.6598 | DE43: 2449.9545 | DF43: 2434.6363 | DG43: 2111.7574 | DH43: 2660.3404 | DI43: 3434.4559 | DJ43: 3564.4746 | DK43: 3240.6545 | DL43: 3028.6586 | DM43: 2714.4468 | DN43: 1673.0707 | DO43: 1551.6381 | DP43: 3175.6808 | DQ43: 3295.903 | DR43: 2996.4816 | DS43: 2800.459 | DT43: 2509.922 | DU43: 2767.7742 | DV43: 3255.8174 | DW43: 1487.9498 | DX43: 2765.256 | DY43: 2999.7566 | DZ43: 3025.058 | EA43: 2343.3606 | EB43: 1814.0886 | EC43: 2000.2492 | ED43: 2498.7208 | EE43: 2566.0638 | EF43: 2267.09 | EG43: 2235.4237 | EH43: 2221.4469 | EI43: 1926.8409 | EJ43: 2427.3871 | EK43: 2615.0496 | EL43: 3185.1939 | EM43: 2316.6641 | EN43: 2165.1134 | EO43: 2425.6139 | EP43: 1943.5601 | EQ43: 1802.4953 | ER43: 3596.8788 | ES43: 3733.0463 | ET43: 3393.912 | EU43: 3171.8904 | EV43: 2842.8188 | EW43: 1752.1938 | EX43: 4239.7072 | EY43: 1540.4972 | EZ43: 1649.6346 | FA43: 1862.6286 | FB43: 2691.9723 | FC43: 2558.191 | FD43: 2481.9959 | FE43: 3334.9777 | FF43: 2080.2823 | FG43: 3689.7977 | FH43: 3466.5259 | FI43: 3361.5971 | FJ43: 2745.7365 | FK43: 2629.7783 | FL43: 2950.5266 | FM43: 2078.0854 | FN43: 2503.2575 | FO43: 2515.1768 | FP43: 2547.798 | FQ43: 1967.5173 | FR43: 1644.2331 | FS43: 2163.8718 | FT43: 2288.8377 | FU43: 3065.0636 | FV43: 3125.922 | FW43: 2412.6322 | FX43: 2410.8725 | FY43: 2284.4043 | FZ43: 2332.9737 | GA43: 2375.2241 | GB43: 0 | GC43: 0 | GD43: 0 | GE43: 0 | GF43: 0 | GG43: 0 | GH43: 0 | GI43: 0 | GJ43: 0 | GK43: 0 | GL43: 0 | GM43: 0 | GN43: 0 | GO43: 0 | GP43: 0 | GQ43: 0 | GR43: 0 | GS43: 0 | GT43: 0 | GU43: 0 | GV43: 0 | GW43: 0 | GX43: 0 | GY43: 0 | GZ43: 0 | HA43: 0 | HB43: 0 | HC43: 0 | HD43: 0 | HE43: 0 | HF43: 0 | HG43: 2894.151 | HH43: 2807.9495 | HI43: 3772.951 | HJ43: 1344.6098 | HK43: 2384.935 | HL43: 2240.6212 | HM43: 2172.7995 | HN43: 1774.7323 | HO43: 1699.7816 | HP43: 1907.1003 | HQ43: 2009.8773 | HR43: 2421.0942 | HS43: 2432.6223 | HT43: 2464.1728 | HU43: 1902.9384 | HV43: 1590.2651 | HW43: 2092.848 | HX43: 2300.5277 | HY43: 3080.718 | HZ43: 3141.8872 | IA43: 2424.9544 | IB43: 2019.3214 | IC43: 1435.0448 | ID43: 1465.5557 | IE43: 3604.1875 | IF43: 3512.1042 | IG43: 3581.8388 | IH43: 2764.5155 | II43: 2302.0825 | IJ43: 1635.9909 | IK43: 1670.7742 | IL43: 1312.2195 | IM43: 1405.1845 | IN43: 1586.6161 | IO43: 2293.064 | IP43: 2179.107 | IQ43: 2114.2029 | IR43: 2840.786 | IS43: 1439.3075 | IT43: 2544.1712 | IU43: 2402.2602 | IV43: 2329.5458 | IW43: 1902.762 | IX43: 1822.4043 | IY43: 2044.679 | IZ43: 2122.6613 | JA43: 2556.9536 | JB43: 2573.8015 | JC43: 2546.8919 | JD43: 1966.8176 | JE43: 1643.6483 | JF43: 2163.1022 | JG43: 2330.6926 | JH43: 3121.1129 | JI43: 3357.1587 | JJ43: 2591.1041 | JK43: 2157.6784 | JL43: 1533.3691 | JM43: 1565.9706 | JN43: 2989.2364 | JO43: 2912.8645 | JP43: 2192.3366 | JQ43: 2095.9756 | JR43: 2507.0387 | JS43: 2291.838 | JT43: 2695.9592 | JU43: 1245.8746 | JV43: 2315.3753 | JW43: 2511.7249 | JX43: 2520.2931 | JY43: 1952.3445 | JZ43: 1511.3875 | KA43: 1666.4851 | KB43: 2452.0756 | KC43: 2518.1615 | KD43: 2224.7689 | KE43: 2196.7273 | KF43: 2276.6782 | KG43: 1974.7475 | KH43: 2487.7387 | KI43: 2492.6989 | KJ43: 3003.113 | KK43: 2675.314 | KL43: 2500.3014 | KM43: 2240.9046 | KN43: 1381.1992 | KO43: 1280.9509 | KP43: 3045.9998 | KQ43: 3161.3127 | KR43: 2979.7706 | KS43: =(IFERROR(HLOOKUP(KS$1,'[1]IBP Demand'!$BI$1:$DI$315,315,0),0)*60%)*KS9 -> 2784.8411 | KT43: 2495.9244 | KU43: 2293.6155 | KV43: 2698.0501 | KW43: 1113.1087 | KX43: 1517.9161 | KY43: 2001.3462 | KZ43: 1913.3799 | LA43: 2288.6323 | LB43: 2092.1793 | LC43: 2461.0945 | LD43: 1159.7334 | LE43: 2155.2875 | LF43: 2338.0613 | LG43: 2412.2477 | LH43: 1868.6472 | LI43: 1446.5941 | LJ43: 1595.0426 | LK43: 2285.8267 | LL43: 2347.432 | LM43: 2073.9312 | LN43: 1968.2378 | LO43: 1955.9315 | LP43: 1696.5379 | LQ43: 2137.257 | LR43: 2345.4771 | LS43: 2856.848 | LT43: 2516.1457 | LU43: 2493.5969 | LV43: 2234.8957 | LW43: 1377.4956 | LX43: 1277.5161 | LY43: 1111.3997 | LZ43: 1300.2571 | MA43: 1690.3469 | MB43: 1616.0502 | MC43: 1932.9902 | MD43: 1767.065 | ME43: 2078.6527 | MF43: =(IFERROR(HLOOKUP(MF$1,'[1]IBP Demand'!$BI$1:$DI$315,315,0),0)*50%)*MF9 -> 1047.6211 | MG43: 2095.2423 | MH43: 2226.1949 | MI43: 2226.1949 | MJ43: 2095.2423 | MK43: 1204.7643 | ML43: 1927.6229 | MM43: 1007.2657 | MN43: 2014.5314 | MO43: 2140.4396 | MP43: 2321.0362 | MQ43: 2184.5047 | MR43: 1365.3154 | MS43: 2184.5047 | MT43: 996.62832 | MU43: 1993.2566 | MV43: 2117.8352 | MW43: 2117.8352 | MX43: 1993.2566 | MY43: 1245.7854 | MZ43: 1993.2566 | NA43: =(IFERROR(HLOOKUP(NA$1,'[1]IBP Demand'!$BI$1:$DI$315,315,0),0)*50%)*NA9 -> 295.70312 | NB43: =(IFERROR(HLOOKUP(NB$1,'[1]IBP Demand'!$BI$1:$DI$315,315,0),0)*50%)*NB9 -> 591.40624 | NC43: =(IFERROR(HLOOKUP(NC$1,'[1]IBP Demand'!$BI$1:$DI$315,315,0),0)*50%)*NC9 -> 628.36913
A44: Shuttle plan RY>SR advise | C44: 0 | D44: 520 | E44: 520 | F44: 520 | G44: 520 | H44: 520 | I44: 520 | J44: 520 | K44: 520 | L44: 520 | M44: 520 | N44: 520 | O44: 520 | P44: 520 | Q44: 520 | R44: 520 | S44: 520 | T44: 520 | U44: 520 | V44: 260 | W44: 260 | X44: 260 | Y44: 1406 | Z44: 151.0359 | AA44: 227.7 | AB44: 0 | AC44: 0 | AD44: 549.7 | AE44: 1024.0669 | AF44: 510.44886 | AG44: 1008.7023 | AH44: 1008.7023 | AI44: 1008.7023 | AJ44: 151 | AK44: 151 | AL44: 420 | AM44: 691 | AN44: 769 | AO44: 429 | AP44: 0 | AQ44: 0 | AR44: 0 | AS44: 0 | AT44: 0 | AU44: 0 | AV44: 0 | AW44: 0 | AX44: 340 | AY44: 703 | AZ44: 716 | BA44: 233 | BB44: 3240 | BC44: 2059 | BD44: 908 | BE44: 389 | BF44: 359 | BG44: 1105 | BH44: 785 | BI44: 493 | BJ44: 1085 | BK44: 1393 | BL44: 628 | BM44: 495 | BN44: 273 | BO44: 0 | BP44: 0 | BQ44: 0 | BR44: 0 | BS44: 0 | BT44: 0 | BU44: 0 | BV44: 0 | BW44: 360 | BX44: 540 | BY44: 360 | BZ44: 1798 | CA44: 2868 | CB44: 2740 | CC44: 2145 | CD44: 3019 | CE44: 3073 | CF44: 2145 | CG44: 2197 | CH44: 2846 | CI44: 1857 | CJ44: 1140 | CK44: 579.28419 | CL44: 636.05584 | CM44: 29.707653 | CN44: 555 | CO44: 555 | CP44: 0 | CQ44: 0 | CR44: 0 | CS44: 0 | CT44: 338 | CU44: 1042 | CV44: 3665 | CW44: 5108 | CX44: 7148 | CY44: 4799.4565 | CZ44: 1739.4288 | DA44: 2159 | DB44: 2251 | DC44: 138 | DD44: 1534 | DF44: 1680 | DG44: 1117 | DH44: 774 | DI44: 0 | DJ44: 0 | DK44: 0 | DL44: 427 | DM44: 950 | DN44: 1330 | DO44: 0 | DP44: 2159 | DQ44: 2109 | DR44: 1223 | DS44: 1303 | DT44: 723 | DU44: 1475 | DV44: 1319 | DW44: 832 | DX44: 1212.6479 | DY44: 0 | DZ44: 0 | EA44: 0 | EB44: 1140 | EC44: 0 | ED44: 1822 | EE44: 1808 | EF44: 2105 | EG44: 2196 | NB44: ='[1]SKU RY shuttle Demo'!$P$1 -> 762.65519 | NC44: =IF(NC$37<85%,IF(((85%-NC37)*NC$33)<=(SUM('[1]SKU RY shuttle Demo'!$H$4:$H$71)/7),(85%-NC37)*NC$33,(SUM('[1]SKU RY shuttle Demo'!$H$4:$H$71)/7)),0) -> 477.07751
A45: Adjust | C45: 0 | D45: 174 | E45: 656 | F45: 914 | G45: 869 | H45: 1205 | I45: 269 | J45: 26 | K45: 270 | L45: 959 | M45: 1023 | N45: 1037 | O45: 988 | P45: 457 | Q45: 524 | R45: 439 | S45: 454 | T45: 388 | U45: 944 | V45: 518 | W45: 345 | X45: 127 | Y45: 230 | Z45: 419 | AA45: 780 | AB45: 780 | AC45: 891 | AD45: 230 | AE45: 231 | AF45: 772 | AG45: 1040 | AH45: 1040 | AI45: 1040 | AJ45: 580 | AK45: 420 | AL45: 208 | AM45: 620 | AN45: 1040 | AO45: 930 | AP45: 1000 | AQ45: 520 | AR45: 800 | AS45: 1000 | AT45: 260 | AU45: 260 | AV45: 260 | AW45: 260 | AX45: 260 | AY45: 1000 | AZ45: 1000 | BA45: 800 | BB45: 800 | BC45: 500 | BD45: 900 | BE45: 1000 | BF45: 800 | BG45: 1300 | BH45: 1300 | BI45: 1300 | BJ45: 1000 | BK45: 1200 | BL45: 1200 | BM45: 1100 | BN45: 260 | BO45: 260 | BP45: 780 | BQ45: 520 | BR45: 580 | BS45: 580 | BT45: 312 | BU45: 1300 | BV45: 804 | BW45: 442 | BX45: 1000 | BY45: 1000 | BZ45: 800 | CA45: 800 | CB45: 1300 | CC45: 1300 | CD45: 1040 | CE45: 1040 | CF45: 1040 | CG45: 780 | CH45: 780 | CI45: 780 | CJ45: 780 | CK45: 780 | CL45: 780 | CM45: 780 | CN45: 780 | CO45: 780 | CP45: 780 | CQ45: 1170 | CR45: 1040 | CS45: 1040 | CT45: 768 | CU45: 1040 | CV45: 1040 | CW45: 1040 | CX45: 1040 | CY45: 846 | CZ45: 1150 | DA45: 1150 | DB45: 1150 | DC45: 1150 | DD45: 1150 | DE45: 1150 | DF45: 780 | DG45: 850 | DH45: 520 | DI45: 520 | DJ45: 1040 | DK45: 1040 | DL45: 850 | DM45: 1200 | DN45: 1300 | DO45: 850 | DP45: 850 | DQ45: 850 | DR45: 850 | DS45: 1040 | DT45: 1040 | DU45: 780 | DV45: 780 | DW45: 780 | DX45: 780 | DY45: 910 | DZ45: 538 | EB45: 520 | EC45: 0 | ED45: 0 | EE45: 520 | EF45: 520 | EG45: 520 | EH45: 520 | EI45: 520 | EJ45: 520 | EK45: 520 | EL45: 520 | EM45: 662 | EN45: 662 | EO45: 818 | EP45: 818 | EQ45: 818 | ER45: 662 | ES45: 662 | ET45: 662 | EU45: 922 | EV45: 1026 | EW45: 1026 | EX45: 614 | EY45: 566 | EZ45: 216 | FA45: 216 | FB45: 216 | FC45: 216 | FD45: 216 | FE45: 614 | FF45: 614 | FG45: 614 | FH45: 614 | FI45: 614 | FJ45: 614 | FK45: 614 | FL45: 614 | FM45: 216 | FN45: 216 | FO45: 606 | FP45: 398 | FQ45: 812 | FR45: 1000 | FS45: 1000 | FT45: 1000 | FU45: 1000 | FV45: 298 | FW45: 298 | FX45: 610 | FY45: 1200 | FZ45: 1000 | GA45: 300 | GB45: 407 | GC45: 445 | GD45: 315 | GE45: 1200 | GF45: 1200 | GG45: 1200 | GH45: 350 | GI45: 228 | GJ45: 1300 | GK45: 1300 | GL45: 522 | GM45: 800 | GN45: 598 | GO45: 800 | GP45: 500 | GQ45: 1200 | GR45: 300 | GS45: 350 | GT45: 400 | GU45: 400 | GV45: 386 | GW45: 334 | GX45: 334 | GY45: 300 | GZ45: 300 | HA45: 1000 | HB45: 800 | HC45: 500 | HD45: 500 | HE45: 500 | HF45: 500 | HG45: 500 | HH45: 800 | HI45: 800 | HJ45: 1000 | HK45: 1000 | HL45: 800 | HM45: 800 | HN45: 800 | HO45: 800 | HP45: 800 | HQ45: 800 | HR45: 800 | HS45: 800 | HT45: 600 | HU45: 800 | HV45: 800 | HW45: 400 | HX45: 400 | HY45: 400 | HZ45: 280 | IA45: 500 | IB45: 650 | IC45: 800 | ID45: 800 | IE45: 800 | IF45: 550 | IG45: 1000 | IH45: 1100 | II45: 1050 | IJ45: 250 | IK45: 550 | IL45: 500 | IM45: 590 | IN45: 1000 | IO45: 400 | IP45: 350 | IQ45: 500 | IR45: 550 | IS45: 100 | IT45: 100 | IU45: 500 | IV45: 1000 | IW45: 1100 | IX45: 500 | IY45: 1106 | IZ45: 150 | JA45: 50 | JB45: 370 | JC45: 840 | JD45: 630 | JE45: 830 | JF45: 750 | JG45: 450 | JH45: 50 | JI45: 220 | JJ45: 856 | JK45: 840 | JL45: 530 | JM45: 1310 | JN45: 400 | JO45: 330 | JP45: 380 | JQ45: 700 | JR45: 250 | JS45: 230 | JT45: 800 | JU45: 120 | JV45: 140 | JW45: 760 | JX45: 900 | JY45: 400 | JZ45: 1500 | KA45: 870 | KB45: 130 | KC45: 100 | KD45: 100 | KE45: 594 | KF45: 1040 | KG45: 673 | KH45: 800 | KI45: 520 | KJ45: 150 | KK45: 1100 | KL45: 900 | KM45: 720 | KN45: 930 | KO45: 900 | KP45: 1000 | KQ45: 880 | KR45: 800 | KS45: 620 | KT45: 880 | KU45: 1200 | KV45: 1200 | KW45: 1200 | KX45: 750 | KY45: 1150 | KZ45: 1400 | LA45: 650 | LB45: 500 | LC45: 670 | LD45: 800 | LE45: 670 | LF45: 1400 | LG45: 1000 | LH45: 0 | LI45: 0 | LJ45: 1100 | LK45: 1054 | LL45: 350 | LM45: 900 | LN45: 1000 | LO45: 900 | LP45: 600 | LQ45: 920 | LR45: 480 | LS45: 200 | LT45: 850 | LU45: 900 | LV45: 1000 | LW45: 700 | LX45: 930 | LY45: 1000 | LZ45: 1200 | MA45: 1100 | MB45: 800 | MC45: 550 | MD45: 700 | ME45: 180 | MF45: 230 | MG45: 100 | MH45: 660 | MI45: 1200 | MJ45: 750 | MK45: 800 | ML45: 650 | MM45: 750 | MN45: 900 | MO45: 560 | MP45: 500 | MQ45: 300 | MR45: 150 | MS45: 713 | MT45: 900 | MU45: 800 | MV45: 1100 | MW45: 970 | MX45: 900 | MY45: 850 | MZ45: 600 | NA45: 0 | NB45: 500 | NC45: 500
A46: Shuttle plan Toyo >RY | C46: 52 | D46: 52 | E46: 52 | F46: 52 | G46: 0 | H46: 52 | I46: 52 | J46: 52 | K46: 52 | L46: 52 | M46: 52 | N46: 0 | O46: 52 | P46: 52 | Q46: 52 | R46: 52 | S46: 52 | T46: 52 | U46: 0 | V46: 52 | W46: 52 | X46: 52 | Y46: 52 | Z46: 52 | AA46: 52 | AB46: 0 | AC46: 52 | AD46: 52 | AE46: 52 | AF46: 52 | AG46: 52 | AH46: 52 | AI46: 0 | AJ46: 52 | AK46: 52 | AL46: 52 | AM46: 52 | AN46: 52 | AO46: 52 | AP46: 0 | AQ46: 52 | AR46: 52 | AS46: 52 | AT46: 52 | AU46: 52 | AV46: 52 | AW46: 0 | AX46: 52 | AY46: 52 | AZ46: 52 | BA46: 52 | BB46: 52 | BC46: 52 | BD46: 0 | BE46: 52 | BF46: 52 | BG46: 52 | BH46: 52 | BI46: 52 | BJ46: 52 | BK46: 0 | BL46: 52 | BM46: 52 | BN46: 52 | BO46: 52 | BP46: 52 | BQ46: 52 | BR46: 0 | BS46: 52 | BT46: 52 | BU46: 52 | BV46: 52 | BW46: 52 | BX46: 52 | BY46: 0 | BZ46: 52 | CA46: 52 | CB46: 52 | CC46: 52 | CD46: 52 | CE46: 52 | CF46: 0 | CG46: 52 | CH46: 52 | CI46: 52 | CJ46: 52 | CK46: 52 | CL46: 52 | CM46: 0 | CN46: 52 | CO46: 52 | CP46: 52 | CQ46: 52 | CR46: 52 | CS46: 52 | CT46: 0 | CU46: 52 | CV46: 52 | CW46: 52 | CX46: 52 | CY46: 52 | CZ46: 52 | DA46: 0 | DB46: 52 | DC46: 52 | DD46: 52 | DE46: 52 | DF46: 52 | DG46: 52 | DH46: 0 | DI46: 52 | DJ46: 52 | DK46: 52 | DL46: 52 | DM46: 52 | DN46: 52 | DO46: 0 | DP46: 52 | DQ46: 52 | DR46: 52 | DS46: 0 | DT46: 52 | DU46: 52 | DV46: 0 | DW46: 52 | DX46: 52 | DY46: 52 | DZ46: 52 | EA46: 52 | EB46: 52 | EC46: 0 | ED46: 52 | EE46: 52 | EF46: 52 | EG46: 52 | EH46: 52 | EI46: 52 | EJ46: 0 | EK46: 52 | EL46: 52 | EM46: 52 | EN46: 52 | EO46: 52 | EP46: 52 | EQ46: 0 | ER46: 52 | ES46: 52 | ET46: 52 | EU46: 52 | EV46: 52 | EW46: 52 | EX46: 0 | EY46: 52 | EZ46: 52 | FA46: 52 | FB46: 52 | FC46: 52 | FD46: 52 | FE46: 0 | FF46: 52 | FG46: 52 | FH46: 52 | FI46: 52 | FJ46: 52 | FK46: 52 | FL46: 0 | FM46: 52 | FN46: 52 | FO46: 52 | FP46: 52 | FQ46: 52 | FR46: 52 | FS46: 0 | FT46: 52 | FU46: 52 | FV46: 52 | FW46: 52 | FX46: 52 | FY46: 52 | FZ46: 0 | GA46: 52 | GB46: 52 | GC46: 52 | GD46: 52 | GE46: 52 | GF46: 52 | GG46: 0 | GH46: 52 | GI46: 52 | GJ46: 52 | GK46: 52 | GL46: 52 | GM46: 52 | GN46: 0 | GO46: 52 | GP46: 52 | GQ46: 52 | GR46: 52 | GS46: 52 | GT46: 52 | GU46: 0 | GV46: 52 | GW46: 52 | GX46: 52 | GY46: 52 | GZ46: 52 | HA46: 52 | HB46: 0 | HC46: 52 | HD46: 52 | HE46: 52 | HF46: 52 | HG46: 52 | HH46: 52 | HI46: 0 | HJ46: 52 | HK46: 52 | HL46: 52 | HM46: 52 | HN46: 52 | HO46: 52 | HP46: 0 | HQ46: 52 | HR46: 52 | HS46: 52 | HT46: 52 | HU46: 52 | HV46: 52 | HW46: 0 | HX46: 52 | HY46: 52 | HZ46: 52 | IA46: 52 | IB46: 52 | IC46: 52 | ID46: 0 | IE46: 52 | IF46: 52 | IG46: 52 | IH46: 52 | II46: 52 | IJ46: 52 | IK46: 0 | IL46: 52 | IM46: 52 | IN46: 52 | IO46: 52 | IP46: 52 | IQ46: 52 | IR46: 0 | IS46: 52 | IT46: 52 | IU46: 52 | IV46: 52 | IW46: 52 | IX46: 52 | IY46: 0 | IZ46: 52 | JA46: 52 | JB46: 52 | JC46: 52 | JD46: 52 | JE46: 52 | JF46: 0 | JG46: 52 | JH46: 52 | JI46: 52 | JJ46: 52 | JK46: 52 | JL46: 52 | JM46: 0 | JN46: 52 | JO46: 52 | JP46: 52 | JQ46: 52 | JR46: 52 | JS46: 52 | JT46: 0 | JU46: 52 | JV46: 52 | JW46: 52 | JX46: 52 | JY46: 52 | JZ46: 52 | KA46: 0 | KB46: 52 | KC46: 52 | KD46: 52 | KE46: 52 | KF46: 52 | KG46: 52 | KH46: 0 | KI46: 52 | KJ46: 52 | KK46: 52 | KL46: 52 | KM46: 52 | KN46: 52 | KO46: 0 | KP46: 52 | KQ46: 52 | KR46: 52 | KS46: 52 | KT46: 52 | KU46: 52 | KV46: 52 | KW46: 52 | KX46: 52 | KY46: 52 | KZ46: 52 | LA46: 52 | LB46: 52 | LC46: 52 | LD46: 52 | LE46: 52 | LF46: 52 | LG46: 52 | LH46: 52 | LI46: 52 | LJ46: 52 | LK46: 52 | LL46: 52 | LM46: 52 | LN46: 52 | LO46: 52 | LP46: 52 | LQ46: 52 | LR46: 52 | LS46: 52 | LT46: 52 | LU46: 52 | LV46: 52 | LW46: 52 | LX46: 52 | LY46: 52 | LZ46: 52 | MA46: 52 | MB46: 52 | MC46: 52 | MD46: 52 | ME46: 52 | MF46: 52 | MG46: 52 | MH46: 52 | MI46: 52 | MJ46: 52 | MK46: 52 | ML46: 52 | MM46: 52 | MN46: 52 | MO46: 52 | MP46: 52 | MQ46: 52 | MR46: 52 | MS46: 52 | MT46: 52 | MU46: 52 | MV46: 52 | MW46: 52 | MX46: 52 | MY46: 0 | MZ46: 0 | NA46: 0 | NB46: 0 | NC46: 0
A47: Actual Output (PL) | B47: 0 | C47: 0 | D47: 124 | E47: 3509.5375 | F47: 3628.0625 | G47: 3111.275 | H47: 3402.5 | I47: 2197.1625 | J47: 2200.45 | K47: 1219.175 | L47: 906.6875 | M47: 1889.5375 | N47: 1473.925 | O47: 1486 | P47: 2161 | Q47: 2264 | R47: 2793 | S47: 2954 | T47: 2429 | U47: 1549 | V47: 1266 | W47: 1674 | X47: 1444 | Y47: 1784 | Z47: 2543 | AA47: 1724 | AB47: 2014 | AC47: 1553 | AD47: 2025 | AE47: 2264 | AF47: 2858 | AG47: 972 | AH47: 536 | AI47: 2726 | AJ47: 1189 | AK47: 1969 | AL47: 2517 | AM47: 2631 | AN47: 2352 | AO47: 2984 | AP47: 2826 | AQ47: 2375 | AR47: 2503 | AS47: 2129 | AT47: 2758 | AU47: 1864 | AV47: 1171 | AW47: 1066 | AX47: 2339 | AY47: 2499 | AZ47: 2287 | BA47: 1721 | BB47: 2320 | BC47: 3204 | BD47: 3064 | BE47: 2616 | BF47: 2485 | BG47: 2543 | BH47: 2904 | BI47: 3077 | BJ47: 3315 | BK47: 2975 | BL47: 2618 | BM47: 3110 | BN47: 3130 | BO47: 2982 | BP47: 2780 | BQ47: 2703 | BR47: 2068 | BS47: 2467 | BT47: 2943 | BU47: 2364 | BV47: 2732 | BW47: 2228 | BX47: 2529 | BY47: 1943 | BZ47: 2344 | CA47: 3980 | CB47: 3283 | CC47: 2618 | CD47: 2903 | CE47: 3133 | CF47: 3798 | CG47: 2884 | CH47: 2754 | CI47: 2575 | CJ47: 3402 | CK47: 1789 | CL47: 2965 | CM47: 2530 | CN47: 2044 | CO47: 2960 | CP47: 3098 | CQ47: 1725 | CR47: 2953 | CS47: 2340 | CT47: 2801 | CU47: 3269 | CV47: 3127 | CW47: 3261 | CX47: 3571 | CY47: 3512 | CZ47: 2707 | DA47: 2327 | DB47: 2023 | DC47: 3368 | DD47: 3231 | DE47: 2704 | DF47: 2893 | DG47: 2444 | DH47: 1644 | DI47: 1575 | DJ47: 1960 | DK47: 2625 | DL47: 2520 | DM47: 3245 | DN47: 3105 | DO47: 3193 | DP47: 2767 | DQ47: 2818 | DR47: 3752 | DS47: 959 | DT47: 656 | DU47: 3065 | DV47: 3182 | DW47: 2680 | DX47: 1486 | DY47: 2606 | DZ47: 2410 | EA47: 1834 | EB47: 2468 | EC47: 600 | ED47: 6 | EE47: 1832 | EF47: 2725 | EG47: 2745 | EH47: 2670 | EI47: 3084 | EJ47: 2068 | EK47: 3248 | EL47: 2108 | EM47: 1883 | EN47: 2333 | EO47: 1750 | EP47: 3143 | EQ47: 2802 | ER47: 2195 | ES47: 3130 | ET47: 2875 | EU47: 2171 | EV47: 1759 | EW47: 2362 | EX47: 1658 | EY47: 1837 | EZ47: 888 | FA47: 199 | FB47: 1601 | FC47: 2232 | FD47: 2821 | FE47: 2715 | FF47: 2208 | FG47: 2687 | FH47: 3571 | FI47: 2772 | FJ47: 2301 | FK47: 3376 | FL47: 3087 | FM47: 1438 | FN47: 1406 | FO47: 1655 | FP47: 1700 | FQ47: 3025 | FR47: 3792 | FS47: 2645 | FT47: 2326 | FU47: 2266 | FV47: 2552 | FW47: 3459 | FX47: 3105 | FY47: 3226 | FZ47: 1629 | GA47: 213 | GB47: 0 | GC47: 0 | GD47: 0 | GE47: 0 | GF47: 0 | GG47: 0 | GH47: 0 | GI47: 0 | GJ47: 0 | GK47: 0 | GL47: 0 | GM47: 0 | GN47: 0 | GO47: 0 | GP47: 0 | GQ47: 0 | GR47: 0 | GS47: 0 | GT47: 0 | GU47: 0 | GV47: 0 | GW47: 0 | GX47: 0 | GY47: 0 | GZ47: 0 | HA47: 0 | HB47: 0 | HC47: 0 | HD47: 0 | HE47: 0 | HF47: 0 | HG47: 2224 | HH47: 1712 | HI47: 2130 | HJ47: 2584 | HK47: 2429 | HL47: 1922 | HM47: 1439 | HN47: 1916 | HO47: 3058 | HP47: 2554 | HQ47: 1217 | HR47: 738 | HS47: 1592 | HT47: 2810 | HU47: 2859 | HV47: 2716 | HW47: 2635 | HX47: 2912 | HY47: 2898 | HZ47: 3046 | IA47: 2631 | IB47: 2668 | IC47: 3593 | ID47: 1375 | IE47: 1573 | IF47: 2752 | IG47: 2541 | IH47: 2730 | II47: 3411 | IJ47: 2691 | IK47: 728 | IL47: 2993 | IM47: 2702 | IN47: 2319 | IO47: 2229 | IP47: 2269 | IQ47: 1025 | IR47: 35 | IS47: 1363 | IT47: 3308 | IU47: 3412 | IV47: 2030 | IW47: 2268 | IX47: 818 | IY47: 708 | IZ47: 1344 | JA47: 1777 | JB47: 1353 | JC47: 2009 | JD47: 2773 | JE47: 2600 | JF47: 2255 | JG47: 2089 | JH47: 1838 | JI47: 896 | JJ47: 2254 | JK47: 3108 | JL47: 2533 | JM47: 2224 | JN47: 2445 | JO47: 2020 | JP47: 2435 | JQ47: 1749 | JR47: 1108 | JS47: 1067 | JT47: 2015 | JU47: 2930 | JV47: 2124 | JW47: 3172 | JX47: 1904 | JY47: 2238 | JZ47: 2646 | KA47: 78 | KB47: 0 | KC47: 1365 | KD47: 3192 | KE47: 3593 | KF47: 1741 | KG47: 2537 | KH47: 3664 | KI47: 2840 | KJ47: 3090 | KK47: 2960 | KL47: 795 | KM47: 1193 | KN47: 2875 | KO47: 2626 | KP47: 1483 | KQ47: 2791 | KR47: 2842 | KS47: 2477 | KT47: 583 | KU47: 2831 | KV47: 2067 | KW47: 962 | KX47: 2280 | KY47: 3318 | KZ47: 1729 | LA47: 1134 | LB47: 2976 | LC47: 3413 | LD47: 2282 | LE47: 2728 | LF47: 3018 | LG47: 2995 | LH47: 1868.6472 | LI47: 248 | LJ47: 795 | LK47: 1168 | LL47: 2930 | LM47: 3030 | LN47: 2602 | LO47: 0 | LP47: 2906 | LQ47: 1607 | LR47: 1110 | LS47: 1829 | LT47: 3114 | LU47: 2298 | LV47: 2343 | LW47: 2680 | LX47: 2265 | LY47: 1309 | LZ47: 1730 | MA47: 3300 | MB47: 2817 | MC47: 602 | MD47: 574 | ME47: 2564 | MF47: 2712 | MG47: 2546 | MH47: 2356 | MI47: 2233 | MJ47: 1465 | MK47: 1290 | ML47: 1341 | MM47: 1818 | MN47: 3562 | MO47: 3543 | MP47: 2092 | MQ47: 0 | MR47: 1659 | MS47: 2819 | MT47: 2780 | MU47: 3078 | MV47: 3740 | MW47: 2300 | MX47: 3130 | MY47: 3038 | MZ47: 3192 | NA47: =SUMIFS([1]MFBF!$Z:$Z,[1]MFBF!$A:$A,'Demand vs Supply forecast'!NA$2,[1]MFBF!$B:$B,7101) -> 0 | NB47: =SUMIFS([1]MFBF!$Z:$Z,[1]MFBF!$A:$A,'Demand vs Supply forecast'!NB$2,[1]MFBF!$B:$B,7101) -> 0 | NC47: =SUMIFS([1]MFBF!$Z:$Z,[1]MFBF!$A:$A,'Demand vs Supply forecast'!NC$2,[1]MFBF!$B:$B,7101) -> 0
A48: Actual Billing+FOC (PL) | B48: 0 | C48: 1966 | D48: 1165 | E48: 1346 | F48: 868 | G48: 1287 | H48: 1427 | I48: 1844 | J48: 2068 | K48: 1901 | L48: 1774 | M48: 1418 | N48: 1501 | O48: 1849 | P48: 1220 | Q48: 1498 | R48: 1101 | S48: 1569 | T48: 953 | U48: 1171 | V48: 1341 | W48: 1736 | X48: 1240 | Y48: 1429 | Z48: 1391 | AA48: 1126 | AB48: 1391 | AC48: 1449 | AD48: 2230 | AE48: 1820 | AF48: 1809 | AG48: 1644 | AH48: 1479 | AI48: 1323 | AJ48: 1552 | AK48: 1802 | AL48: 2326 | AM48: 1808 | AN48: 1673 | AO48: 1759 | AP48: 1104 | AQ48: 1112 | AR48: 2166 | AS48: 1546 | AT48: 1720 | AU48: 1480 | AV48: 1027 | AW48: 1314 | AX48: 1864 | AY48: 2130 | AZ48: 2159 | BA48: 2684 | BB48: 2196 | BC48: 1164 | BD48: 1420 | BE48: 2393 | BF48: 2401 | BG48: 2684 | BH48: 2497 | BI48: 1703 | BJ48: 1486 | BK48: 1754 | BL48: 2016 | BM48: 2819 | BN48: 2689 | BO48: 2168 | BP48: 1803 | BQ48: 1911 | BR48: 1900 | BS48: 2240 | BT48: 2102 | BU48: 2179 | BV48: 2570 | BW48: 2545 | BX48: 2078 | BY48: 2071 | BZ48: 2693 | CA48: 2393 | CB48: 2898 | CC48: 2607 | CD48: 2438 | CE48: 1966 | CF48: 1904 | CG48: 2682 | CH48: 2333 | CI48: 1859 | CJ48: 1850 | CK48: 2010 | CL48: 3474 | CM48: 2113 | CN48: 2535 | CO48: 2464 | CP48: 2155 | CQ48: 2082 | CR48: 2041 | CS48: 2576 | CT48: 2643 | CU48: 2706 | CV48: 2905 | CW48: 3019 | CX48: 3147 | CY48: 2480 | CZ48: 2117 | DA48: 1191 | DB48: 1551 | DC48: 2768 | DD48: 2682 | DE48: 2092 | DF48: 1975 | DG48: 1120 | DH48: 1150 | DI48: 1692 | DJ48: 1664 | DK48: 2085 | DL48: 2386 | DM48: 2631 | DN48: 2541 | DO48: 2452 | DP48: 2786 | DQ48: 2552 | DR48: 2209 | DS48: 1530 | DT48: 1565 | DU48: 1648 | DV48: 1214 | DW48: 1517 | DX48: 1945 | DY48: 1873 | DZ48: 2270 | EA48: 2305 | EB48: 3585 | EC48: 448 | ED48: 1071 | EE48: 1568 | EF48: 2340 | EG48: 1595 | EH48: 130 | EI48: 1240 | EJ48: 1997 | EK48: 2014 | EL48: 2289 | EM48: 2525 | EN48: 2507 | EO48: 2192 | EP48: 1805 | EQ48: 1631 | ER48: 1992 | ES48: 1892 | ET48: 1783 | EU48: 1814 | EV48: 1915 | EW48: 1503 | EX48: 1319 | EY48: 1618 | EZ48: 2035 | FA48: 1493 | FB48: 2099 | FC48: 1668 | FD48: 2394 | FE48: 2036 | FF48: 1695 | FG48: 1711 | FH48: 2161 | FI48: 2065 | FJ48: 2232 | FK48: 2362 | FL48: 1528 | FM48: 1885 | FN48: 2180 | FO48: 1670 | FP48: 2065 | FQ48: 2224 | FR48: 1590 | FS48: 2008 | FT48: 2613 | FU48: 2024 | FV48: 2212 | FW48: 2344 | FX48: 2413 | FY48: 1995 | FZ48: 2048 | GA48: 2225 | GB48: 1514 | GC48: 1403 | GD48: 1479 | GE48: 1469 | GF48: 1288 | GG48: 1471 | GH48: 1591 | GI48: 1665 | GJ48: 1349 | GK48: 1634 | GL48: 1211 | GM48: 1316 | GN48: 1460 | GO48: 1850 | GP48: 1737 | GQ48: 1480 | GR48: 1653 | GS48: 1683 | GT48: 1398 | GU48: 1632 | GV48: 1609 | GW48: 2154 | GX48: 2989 | GY48: 2376 | GZ48: 2376 | HA48: 1735 | HB48: 1250 | HC48: 1720 | HD48: 2015 | HE48: 2582 | HF48: 1957 | HG48: 1240 | HH48: 1142 | HI48: 1394 | HJ48: 1441 | HK48: 2136 | HL48: 1998 | HM48: 2502 | HN48: 1928 | HO48: 2048 | HP48: 1839 | HQ48: 1802 | HR48: 1457 | HS48: 1931 | HT48: 1697 | HU48: 1817 | HV48: 2467 | HW48: 1707 | HX48: 2098 | HY48: 1744 | HZ48: 1893 | IA48: 2255 | IB48: 2165 | IC48: 2120 | ID48: 2206 | IE48: 1837 | IF48: 1692 | IG48: 2233 | IH48: 2632 | II48: 2244 | IJ48: 2043 | IK48: 1190 | IL48: 1116 | IM48: 2211 | IN48: 2546 | IO48: 1830 | IP48: 1562 | IQ48: 1175 | IR48: 1475 | IS48: 1271 | IT48: 1812 | IU48: 1129 | IV48: 1199 | IW48: 1154 | IX48: 916 | IY48: 1167 | IZ48: 1475 | JA48: 1653 | JB48: 2064 | JC48: 1693 | JD48: 1312 | JE48: 1371 | JF48: 1214 | JG48: 1644 | JH48: 1581 | JI48: 1774 | JJ48: 2162 | JK48: 1820 | JL48: 1783 | JM48: 1568 | JN48: 1929 | JO48: 1162 | JP48: 1069 | JQ48: 1532 | JR48: 1638 | JS48: 1238 | JT48: 1339 | JU48: 1290 | JV48: 2335 | JW48: 1489 | JX48: 1700 | JY48: 1626 | JZ48: 1257 | KA48: 1855 | KB48: 1912 | KC48: 1993 | KD48: 2094 | KE48: 1441 | KF48: 1833 | KG48: 1383 | KH48: 1084 | KI48: 2008 | KJ48: 1853 | KK48: 2052 | KL48: 1431 | KM48: 1522 | KN48: 1388 | KO48: 960 | KP48: 1666 | KQ48: 1971 | KR48: 1716 | KS48: 1864 | KT48: 996 | KU48: 1003 | KV48: 1209 | KW48: 1202 | KX48: 1677 | KY48: 1495 | KZ48: 1662 | LA48: 1883 | LB48: 1509 | LC48: 1783 | LD48: 1560 | LE48: 1939 | LF48: 1909 | LG48: 1790 | LH48: 2555 | LI48: 75 | LJ48: 821 | LK48: 1746 | LL48: 1255 | LM48: 1565 | LN48: 1536 | LO48: 1332 | LP48: 1152 | LQ48: 1002 | LR48: 1620 | LS48: 1467 | LT48: 1730 | LU48: 1878 | LV48: 1345 | LW48: 1705 | LX48: 727 | LY48: 1149 | LZ48: 1316 | MA48: 1508 | MB48: 1735 | MC48: 1642 | MD48: 1133 | ME48: 1392 | MF48: 1521 | MG48: 1634 | MH48: 2108 | MI48: 2146 | MJ48: 1958 | MK48: 1515 | ML48: 1654 | MM48: 2336 | MN48: 2203 | MO48: 2264 | MP48: 1669 | MQ48: 1379 | MR48: 1753 | MS48: 1416 | MT48: 1962 | MU48: 1969 | MV48: 1928 | MW48: 2123 | MX48: 1660 | MY48: 1232 | MZ48: 854 | NA48: =SUMIFS([1]MB51!$B:$B,[1]MB51!$Y:$Y,'Demand vs Supply forecast'!NA$2,[1]MB51!$G:$G,601,[1]MB51!$M:$M,7101)+SUMIFS([1]MB51!$B:$B,[1]MB51!$Y:$Y,'Demand vs Supply forecast'!NA$2,[1]MB51!$G:$G,916,[1]MB51!$M:$M,7101) -> 0 | NB48: =SUMIFS([1]MB51!$B:$B,[1]MB51!$Y:$Y,'Demand vs Supply forecast'!NB$2,[1]MB51!$G:$G,601,[1]MB51!$M:$M,7101)+SUMIFS([1]MB51!$B:$B,[1]MB51!$Y:$Y,'Demand vs Supply forecast'!NB$2,[1]MB51!$G:$G,916,[1]MB51!$M:$M,7101) -> 0 | NC48: =SUMIFS([1]MB51!$B:$B,[1]MB51!$Y:$Y,'Demand vs Supply forecast'!NC$2,[1]MB51!$G:$G,601,[1]MB51!$M:$M,7101)+SUMIFS([1]MB51!$B:$B,[1]MB51!$Y:$Y,'Demand vs Supply forecast'!NC$2,[1]MB51!$G:$G,916,[1]MB51!$M:$M,7101) -> 0
A49: Actual Shuttle RY>SR | C49: 0 | D49: 174 | E49: 656 | F49: 914 | G49: 869 | H49: 1205 | I49: 269 | J49: 26 | K49: 270 | L49: 959 | M49: 1023 | N49: 1037 | O49: 988 | P49: 457 | Q49: 524 | R49: 439 | S49: 454 | T49: 388 | U49: 944 | V49: 518 | W49: 345 | X49: 127 | Y49: 211 | Z49: 220 | AA49: 878 | AB49: 495 | AC49: 850 | AD49: 488 | AE49: 415 | AF49: 475 | AG49: 503 | AH49: 1040 | AI49: 1322 | AJ49: 697 | AK49: 688 | AL49: 337 | AM49: 476 | AN49: 629 | AO49: 872 | AP49: 1236 | AQ49: 840 | AR49: 1110 | AS49: 901 | AT49: 851 | AU49: 449 | AV49: 207 | AW49: 259 | AX49: 162 | AY49: 546 | AZ49: 971 | BA49: 1028 | BB49: 817 | BC49: 682 | BD49: 1181 | BE49: 807 | BF49: 1116 | BG49: 1142 | BH49: 939 | BI49: 733 | BJ49: 1098 | BK49: 942 | BL49: 897 | BM49: 1019 | BN49: 1139 | BO49: 773 | BP49: 488 | BQ49: 724 | BR49: 826 | BS49: 665 | BT49: 483 | BU49: 585 | BV49: 911 | BW49: 765 | BX49: 828 | BY49: 1028 | BZ49: 794 | CA49: 666 | CB49: 664 | CC49: 805 | CD49: 601 | CE49: 963 | CF49: 1444 | CG49: 894 | CH49: 936 | CI49: 989 | CJ49: 700 | CK49: 784 | CL49: 785 | CM49: 786 | CN49: 156 | CO49: 358 | CP49: 617 | CQ49: 683 | CR49: 877 | CS49: 984 | CT49: 681 | CU49: 783 | CV49: 897 | CW49: 548 | CX49: 508 | CY49: 681 | CZ49: 703 | DA49: 1081 | DB49: 1321 | DC49: 864 | DD49: 838 | DE49: 695 | DF49: 1122 | DG49: 721 | DH49: 616 | DI49: 715 | DJ49: 490 | DK49: 828 | DL49: 805 | DM49: 766 | DN49: 1077 | DO49: 817 | DP49: 613 | DQ49: 715 | DR49: 952 | DS49: 889 | DT49: 851 | DU49: 834 | DV49: 574 | DW49: 654 | DX49: 495 | DY49: 531 | DZ49: 538 | EA49: 932 | EB49: 690 | EC49: 0 | ED49: 13 | EE49: 154 | EF49: 547 | EG49: 594 | EH49: 554 | EI49: 0 | EJ49: 745 | EK49: 718 | EL49: 387 | EM49: 515 | EN49: 521 | EO49: 727 | EP49: 740 | EQ49: 697 | ER49: 783 | ES49: 460 | ET49: 676 | EU49: 623 | EV49: 549 | EW49: 791 | EX49: 732 | EY49: 253 | EZ49: 617 | FA49: 307 | FB49: 175 | FC49: 304 | FD49: 80 | FE49: 655 | FF49: 667 | FG49: 488 | FH49: 626 | FI49: 535 | FJ49: 830 | FK49: 958 | FL49: 1015 | FM49: 1032 | FN49: 345 | FO49: 744 | FP49: 665 | FQ49: 654 | FR49: 440 | FS49: 1038 | FT49: 444 | FU49: 486 | FV49: 801 | FW49: 418 | FX49: 538 | FY49: 768 | FZ49: 1328 | GA49: 569 | GB49: 310 | GC49: 293 | GD49: 155 | GE49: 339 | GF49: 467 | GG49: 547 | GH49: 742 | GI49: 405 | GJ49: 213 | GK49: 743 | GL49: 912 | GM49: 540 | GN49: 576 | GO49: 286 | GP49: 269 | GQ49: 759 | GR49: 680 | GS49: 790 | GT49: 739 | GU49: 345 | GV49: 506 | GW49: 540 | GX49: 439 | GY49: 806 | GZ49: 646 | HA49: 788 | HB49: 924 | HC49: 917 | HD49: 349 | HE49: 263 | HF49: 633 | HG49: 504 | HH49: 618 | HI49: 858 | HJ49: 931 | HK49: 433 | HL49: 840 | HM49: 644 | HN49: 613 | HO49: 1020 | HP49: 928 | HQ49: 1196 | HR49: 813 | HS49: 597 | HT49: 599 | HU49: 833 | HV49: 838 | HW49: 1102 | HX49: 787 | HY49: 413 | HZ49: 531 | IA49: 554 | IB49: 631 | IC49: 632 | ID49: 795 | IE49: 492 | IF49: 585 | IG49: 672 | IH49: 1061 | II49: 817 | IJ49: 1097 | IK49: 722 | IL49: 263 | IM49: 283 | IN49: 982 | IO49: 691 | IP49: 541 | IQ49: 532 | IR49: 670 | IS49: 128 | IT49: 79 | IU49: 476 | IV49: 798 | IW49: 1076 | IX49: 210 | IY49: 990 | IZ49: 180 | JA49: 169 | JB49: 376 | JC49: 612 | JD49: 804 | JE49: 769 | JF49: 988 | JG49: 503 | JH49: 174 | JI49: 215 | JJ49: 729 | JK49: 1098 | JL49: 663 | JM49: 1007 | JN49: 632 | JO49: 342 | JP49: 507 | JQ49: 456 | JR49: 459 | JS49: 226 | JT49: 827 | JU49: 255 | JV49: 316 | JW49: 858 | JX49: 907 | JY49: 520 | JZ49: 1406 | KA49: 685 | KB49: 820 | KC49: 161 | KD49: 99 | KE49: 558 | KF49: 990 | KG49: 609 | KH49: 1074 | KI49: 361 | KJ49: 293 | KK49: 981 | KL49: 903 | KM49: 699 | KN49: 867 | KO49: 814 | KP49: 677 | KQ49: 885 | KR49: 728 | KS49: 658 | KT49: 836 | KU49: 1040 | KV49: 1190 | KW49: 937 | KX49: 752 | KY49: 1174 | KZ49: 1351 | LA49: 1054 | LB49: 379 | LC49: 1172 | LD49: 784 | LE49: 721 | LF49: 1154 | LG49: 1219 | LH49: 138 | LI49: 78 | LJ49: 1401 | LK49: 899 | LL49: 399 | LM49: 825 | LN49: 1055 | LO49: 1057 | LP49: 456 | LQ49: 1216 | LR49: 498 | LS49: 199 | LT49: 673 | LU49: 790 | LV49: 1044 | LW49: 659 | LX49: 774 | LY49: 834 | LZ49: 1026 | MA49: 968 | MB49: 797 | MC49: 623 | MD49: 530 | ME49: 449 | MF49: 99 | MG49: 224 | MH49: 430 | MI49: 903 | MJ49: 1008 | MK49: 960 | ML49: 916 | MM49: 468 | MN49: 823 | MO49: 564 | MP49: 685 | MQ49: 420 | MR49: 205 | MS49: 596 | MT49: 830 | MU49: 891 | MV49: 1055 | MW49: 719 | MX49: 874 | MY49: 933 | MZ49: 624 | NA49: =SUMIFS([1]MB51!$B:$B,[1]MB51!$Y:$Y,'Demand vs Supply forecast'!NA$2,[1]MB51!$G:$G,641,[1]MB51!$M:$M,7101,[1]MB51!$I:$I,0) -> 0 | NB49: =SUMIFS([1]MB51!$B:$B,[1]MB51!$Y:$Y,'Demand vs Supply forecast'!NB$2,[1]MB51!$G:$G,641,[1]MB51!$M:$M,7101,[1]MB51!$I:$I,0) -> 0 | NC49: =SUMIFS([1]MB51!$B:$B,[1]MB51!$Y:$Y,'Demand vs Supply forecast'!NC$2,[1]MB51!$G:$G,641,[1]MB51!$M:$M,7101,[1]MB51!$I:$I,0) -> 0
A50: Actual Shuttle Toyo >RY | C50: 0 | D50: 0 | E50: 26 | F50: 0 | G50: 111 | H50: 104 | I50: 0 | J50: 102 | K50: 156 | L50: 180 | M50: 26 | N50: 75 | O50: 51 | P50: 104 | Q50: 51 | R50: 103 | S50: 24 | T50: 26 | U50: 26 | V50: 51 | W50: 0 | X50: 0 | Y50: 26 | Z50: 0 | AA50: 89 | AB50: 25 | AC50: 51 | AD50: 52 | AE50: 51 | AF50: 77 | AG50: 26 | AH50: 76 | AI50: 26 | AJ50: 0 | AK50: 103 | AL50: 25 | AM50: 76 | AN50: 104 | AO50: 26 | AP50: 26 | AQ50: 26 | AR50: 51 | AS50: 104 | AT50: 26 | AU50: 52 | AV50: 51 | AW50: 52 | AX50: 52 | AY50: 52 | AZ50: 75 | BA50: 76 | BB50: 76 | BC50: 76 | BD50: 76 | BE50: 26 | BF50: 77 | BG50: 78 | BH50: 26 | BI50: 78 | BJ50: 104 | BK50: 78 | BL50: 26 | BM50: 104 | BN50: 130 | BO50: 103 | BP50: 128 | BQ50: 77 | BR50: 103 | BS50: 0 | BT50: 155 | BU50: 77 | BV50: 52 | BW50: 78 | BX50: 0 | BY50: 26 | BZ50: 0 | CA50: 78 | CB50: 76 | CC50: 101 | CD50: 0 | CE50: 51 | CF50: 26 | CG50: 0 | CH50: 26 | CI50: 78 | CJ50: 76 | CK50: 76 | CL50: 104 | CM50: 25 | CN50: 0 | CO50: 25 | CP50: 26 | CQ50: 0 | CR50: 75 | CS50: 154 | CT50: 52 | CU50: 0 | CV50: 77 | CW50: 129 | CX50: 104 | CY50: 100 | CZ50: 129 | DA50: 0 | DB50: 0 | DC50: 0 | DD50: 0 | DE50: 0 | DF50: 103 | DG50: 50 | DH50: 25 | DI50: 0 | DJ50: 50 | DK50: 52 | DL50: 78 | DM50: 102 | DN50: 207 | DO50: 104 | DP50: 0 | DQ50: 78 | DR50: 102 | DS50: 102 | DT50: 193 | DU50: 39 | DV50: 156 | DW50: 77 | DX50: 76 | DY50: 102 | DZ50: 0 | EA50: 153 | EB50: 102 | EC50: 0 | ED50: 0 | EE50: 52 | EF50: 51 | EG50: 52 | EH50: 0 | EI50: 52 | EJ50: 0 | EK50: 25 | EL50: 51 | EM50: 51 | EN50: 77 | EO50: 206 | EP50: 129 | EQ50: 0 | ER50: 25 | ES50: 25 | ET50: 26 | EU50: 51 | EV50: 104 | EW50: 104 | EX50: 78 | EY50: 26 | EZ50: 128 | FA50: 0 | FB50: 52 | FC50: 78 | FD50: 130 | FE50: 78 | FF50: 52 | FG50: 0 | FH50: 102 | FI50: 77 | FJ50: 75 | FK50: 77 | FL50: 50 | FM50: 0 | FN50: 78 | FO50: 26 | FP50: 50 | FQ50: 25 | FR50: 127 | FS50: 77 | FT50: 0 | FU50: 78 | FV50: 104 | FW50: 75 | FX50: 0 | FY50: 104 | FZ50: 52 | GA50: 0 | GB50: 52 | GC50: 104 | GD50: 52 | GE50: 77 | GF50: 78 | GG50: 25 | GH50: 0 | GI50: 52 | GJ50: 26 | GK50: 26 | GL50: 51 | GM50: 26 | GN50: 0 | GO50: 0 | GP50: 99 | GQ50: 0 | GR50: 104 | GS50: 0 | GT50: 51 | GU50: 26 | GV50: 26 | GW50: 78 | GX50: 51 | GY50: 26 | GZ50: 25 | HA50: 26 | HB50: 26 | HC50: 26 | HD50: 77 | HE50: 52 | HF50: 26 | HG50: 25 | HH50: 103 | HI50: 0 | HJ50: 26 | HK50: 26 | HL50: 25 | HM50: 78 | HN50: 78 | HO50: 52 | HP50: 25 | HQ50: 50 | HR50: 51 | HS50: 0 | HT50: 155 | HU50: 181 | HV50: 0 | HW50: 26 | HX50: 26 | HY50: 76 | HZ50: 23 | IA50: 25 | IB50: 104 | IC50: 103 | ID50: 103 | IE50: 0 | IF50: 77 | IG50: 49 | IH50: 103 | II50: 103 | IJ50: 77 | IK50: 48 | IL50: 26 | IM50: 76 | IN50: 129 | IO50: 50 | IP50: 26 | IQ50: 77 | IR50: 0 | IS50: 0 | IT50: 0 | IU50: 26 | IV50: 0 | IW50: 78 | IX50: 26 | IY50: 60 | IZ50: 0 | JA50: 50 | JB50: 52 | JC50: 26 | JD50: 78 | JE50: 76 | JF50: 26 | JG50: 0 | JH50: 129 | JI50: 155 | JJ50: 104 | JK50: 104 | JL50: 0 | JM50: 26 | JN50: 0 | JO50: 26 | JP50: 77 | JQ50: 50 | JR50: 52 | JS50: 26 | JT50: 25 | JU50: 26 | JV50: 52 | JW50: 26 | JX50: 52 | JY50: 78 | JZ50: 0 | KA50: 0 | KB50: 26 | KC50: 51 | KD50: 51 | KE50: 151 | KF50: 75 | KG50: 0 | KH50: 0 | KI50: 0 | KJ50: 0 | KK50: 50 | KL50: 26 | KM50: 52 | KN50: 103 | KO50: 26 | KP50: 54 | KQ50: 25 | KR50: 49 | KS50: 78 | KT50: 77 | KU50: 52 | KV50: 77 | KW50: 103 | KX50: 129 | KY50: 78 | KZ50: 77 | LA50: 153 | LB50: 26 | LC50: 26 | LD50: 52 | LE50: 26 | LF50: 76 | LG50: 49 | LH50: 52 | LI50: 0 | LJ50: 0 | LK50: 26 | LL50: 25 | LM50: 0 | LN50: 52 | LO50: 76 | LP50: 0 | LQ50: 0 | LR50: 47 | LS50: 8 | LT50: 25 | LU50: 20 | LV50: 0 | LW50: 127 | LX50: 5 | LY50: 0 | LZ50: 26 | MA50: 52 | MB50: 36 | MC50: 93 | MD50: 26 | ME50: 52 | MF50: 0 | MG50: 25 | MH50: 50 | MI50: 0 | MJ50: 78 | MK50: 50 | ML50: 26 | MM50: 0 | MN50: 51 | MO50: 25 | MP50: 76 | MQ50: 51 | MR50: 74 | MS50: 0 | MT50: 26 | MU50: 103 | MV50: 25 | MW50: 75 | MX50: 0 | MY50: 0 | MZ50: 0 | NA50: =SUMIFS([1]MB51!$B:$B,[1]MB51!$Y:$Y,'Demand vs Supply forecast'!NA$2,[1]MB51!$G:$G,101,[1]MB51!$M:$M,7101,[1]MB51!$I:$I,1) -> 0 | NB50: =SUMIFS([1]MB51!$B:$B,[1]MB51!$Y:$Y,'Demand vs Supply forecast'!NB$2,[1]MB51!$G:$G,101,[1]MB51!$M:$M,7101,[1]MB51!$I:$I,1) -> 0 | NC50: =SUMIFS([1]MB51!$B:$B,[1]MB51!$Y:$Y,'Demand vs Supply forecast'!NC$2,[1]MB51!$G:$G,101,[1]MB51!$M:$M,7101,[1]MB51!$I:$I,1) -> 0
